rule,source_file,source_row_number,completed_trip_count_retained,directed_od_spending_retained,tpep_pickup_datetime,tpep_dropoff_datetime,pickup_datetime,dropoff_datetime,request_datetime,on_scene_datetime,PULocationID,DOLocationID,trip_distance,trip_miles,trip_time,total_amount,base_passenger_fare,hvfhs_license_num,shared_request_flag,shared_match_flag,payment_type
pickup_outside_study,yellow_2026_04,519,False,False,2026-03-31T23:56:06,2026-04-01T00:16:27,,,,,132,82,11.5,,,56.12,,,,,1
pickup_outside_study,yellow_2026_04,585,False,False,2026-03-31T23:50:54,2026-04-01T00:01:44,,,,,112,97,3.05,,,18.1,,,,,2
pickup_outside_study,yellow_2026_04,602,False,False,2026-03-31T23:53:36,2026-04-01T00:13:24,,,,,236,209,7.5,,,43.87,,,,,1
pickup_file_month_mismatch,yellow_2026_04,519,False,False,2026-03-31T23:56:06,2026-04-01T00:16:27,,,,,132,82,11.5,,,56.12,,,,,1
pickup_file_month_mismatch,yellow_2026_04,585,False,False,2026-03-31T23:50:54,2026-04-01T00:01:44,,,,,112,97,3.05,,,18.1,,,,,2
pickup_file_month_mismatch,yellow_2026_04,602,False,False,2026-03-31T23:53:36,2026-04-01T00:13:24,,,,,236,209,7.5,,,43.87,,,,,1
duration_nonpositive,yellow_2026_04,6,False,False,2026-04-01T00:10:12,2026-04-01T00:10:12,,,,,140,262,1.38,,,14.3,,,,,2
duration_nonpositive,yellow_2026_04,138,False,False,2026-04-01T00:19:40,2026-04-01T00:19:40,,,,,238,166,0.98,,,12.0,,,,,1
duration_nonpositive,yellow_2026_04,596,False,False,2026-04-01T00:25:26,2026-04-01T00:25:26,,,,,138,49,9.08,,,53.4,,,,,1
duration_gt24h,yellow_2026_04,16147,True,True,2026-04-01T09:05:27,2026-04-02T12:06:35,,,,,232,264,14.7,,,86.64,,,,,2
duration_gt24h,yellow_2026_04,149381,True,True,2026-04-02T16:07:45,2026-04-04T00:22:47,,,,,237,7,0.55,,,13.75,,,,,2
duration_gt24h,yellow_2026_04,257267,True,True,2026-04-03T18:31:34,2026-04-05T08:53:28,,,,,163,237,5.08,,,29.85,,,,,2
distance_nonpositive,yellow_2026_04,43,True,True,2026-04-01T00:07:48,2026-04-01T00:07:55,,,,,164,164,0.0,,,8.75,,,,,3
distance_nonpositive,yellow_2026_04,129,True,True,2026-04-01T00:39:13,2026-04-01T00:39:34,,,,,249,249,0.0,,,8.75,,,,,2
distance_nonpositive,yellow_2026_04,246,True,True,2026-04-01T00:27:57,2026-04-01T00:28:01,,,,,265,265,0.0,,,95.0,,,,,1
distance_gt100mi,yellow_2026_04,2670,True,True,2026-04-01T02:38:02,2026-04-01T05:33:12,,,,,132,265,171.1,,,1122.36,,,,,2
distance_gt100mi,yellow_2026_04,18723,True,True,2026-04-01T10:42:44,2026-04-01T12:34:53,,,,,265,265,109.86,,,261.0,,,,,1
distance_gt100mi,yellow_2026_04,76128,True,False,2026-04-01T19:01:46,2026-04-01T22:21:36,,,,,10,265,195.2,,,-1278.4,,,,,4
payment_negative,yellow_2026_04,41,True,False,2026-04-01T00:16:56,2026-04-01T00:17:34,,,,,229,229,0.02,,,-8.75,,,,,4
payment_negative,yellow_2026_04,165,True,False,2026-04-01T00:16:00,2026-04-01T00:25:48,,,,,233,48,1.7,,,-17.15,,,,,4
payment_negative,yellow_2026_04,300,True,False,2026-04-01T00:05:06,2026-04-01T00:08:27,,,,,113,107,0.57,,,-11.55,,,,,4
payment_gt1000,yellow_2026_04,2670,True,True,2026-04-01T02:38:02,2026-04-01T05:33:12,,,,,132,265,171.1,,,1122.36,,,,,2
payment_gt1000,yellow_2026_04,76129,True,True,2026-04-01T19:01:46,2026-04-01T22:21:36,,,,,10,265,195.2,,,1278.4,,,,,4
payment_gt1000,yellow_2026_04,212298,True,True,2026-04-03T09:13:36,2026-04-03T13:03:51,,,,,132,265,216.84,,,1452.66,,,,,2
fare_base_negative,yellow_2026_04,41,True,False,2026-04-01T00:16:56,2026-04-01T00:17:34,,,,,229,229,0.02,,,-8.75,,,,,4
fare_base_negative,yellow_2026_04,165,True,False,2026-04-01T00:16:00,2026-04-01T00:25:48,,,,,233,48,1.7,,,-17.15,,,,,4
fare_base_negative,yellow_2026_04,300,True,False,2026-04-01T00:05:06,2026-04-01T00:08:27,,,,,113,107,0.57,,,-11.55,,,,,4
request_after_pickup,fhvhv_2026_04,148,True,True,,,2026-04-01T00:41:43,2026-04-01T01:06:23,2026-04-01T00:50:00,2026-04-01T00:41:04,100,265,,5.58,1481,,44.08,HV0003,N,N,
request_after_pickup,fhvhv_2026_04,836,True,True,,,2026-04-01T00:21:22,2026-04-01T00:40:05,2026-04-01T00:25:00,2026-04-01T00:21:03,92,145,,7.94,1123,,34.06,HV0003,N,N,
request_after_pickup,fhvhv_2026_04,1158,True,True,,,2026-04-01T00:53:49,2026-04-01T01:20:50,2026-04-01T01:00:00,2026-04-01T00:49:06,233,132,,17.6,1621,,52.29,HV0003,N,N,
on_scene_order_invalid,fhvhv_2026_04,148,True,True,,,2026-04-01T00:41:43,2026-04-01T01:06:23,2026-04-01T00:50:00,2026-04-01T00:41:04,100,265,,5.58,1481,,44.08,HV0003,N,N,
on_scene_order_invalid,fhvhv_2026_04,836,True,True,,,2026-04-01T00:21:22,2026-04-01T00:40:05,2026-04-01T00:25:00,2026-04-01T00:21:03,92,145,,7.94,1123,,34.06,HV0003,N,N,
on_scene_order_invalid,fhvhv_2026_04,993,True,True,,,2026-04-01T00:27:20,2026-04-01T00:52:28,2026-04-01T00:09:00,2026-04-01T00:01:39,138,265,,15.47,1509,,44.65,HV0003,N,N,
trip_time_nonpositive,fhvhv_2026_04,68641,True,True,,,2026-04-01T06:41:00,2026-04-01T06:52:18.600000,2026-04-01T06:34:55,2026-04-01T06:41:00,62,85,,0.0,0,,0.0,HV0003,N,N,
trip_time_nonpositive,fhvhv_2026_04,121964,True,True,,,2026-04-01T08:35:41,2026-04-01T08:42:52.403000,2026-04-01T08:32:19,2026-04-01T08:35:41,81,51,,0.0,0,,0.0,HV0003,N,N,
trip_time_nonpositive,fhvhv_2026_04,494023,True,True,,,2026-04-01T19:13:30,2026-04-01T19:26:43.576000,2026-04-01T19:08:03,2026-04-01T19:13:30,82,260,,0.0,0,,0.0,HV0003,N,N,
shared_ny,fhvhv_2026_04,102082,True,True,,,2026-04-01T07:01:54,2026-04-01T07:09:47,2026-04-01T06:59:23,2026-04-01T07:00:54,117,117,,1.676,473,,16.83,HV0005,N,Y,
shared_ny,fhvhv_2026_04,131772,True,True,,,2026-04-01T08:32:07,2026-04-01T09:08:27,2026-04-01T08:28:24,2026-04-01T08:31:53,75,45,,8.671,2180,,71.15,HV0005,N,Y,
shared_ny,fhvhv_2026_04,136436,True,True,,,2026-04-01T08:27:50,2026-04-01T08:37:28,2026-04-01T08:25:41,2026-04-01T08:27:44,236,162,,1.504,578,,17.27,HV0005,N,Y,
