pickup_month,service,analysis,raw_pickup_records,retained_records,excluded_records,retained_share
2026-04,yellow,completed_trip_count,3831239,3781728,49511,0.9870770265180533
2026-04,yellow,pickup_hotspot,3831239,3781728,49511,0.9870770265180533
2026-04,yellow,dropoff_hotspot,3831239,3781728,49511,0.9870770265180533
2026-04,yellow,directed_od_volume,3831239,3781728,49511,0.9870770265180533
2026-04,yellow,directed_od_spending,3831239,3766854,64385,0.9831947315215782
2026-04,yellow,distance_based,3831239,3688928,142311,0.9628550972674897
2026-04,fhvhv,completed_trip_count,20995953,20995953,0,1.0
2026-04,fhvhv,pickup_hotspot,20995953,20995953,0,1.0
2026-04,fhvhv,dropoff_hotspot,20995953,20995953,0,1.0
2026-04,fhvhv,directed_od_volume,20995953,20995953,0,1.0
2026-04,fhvhv,directed_od_spending,20995953,20993718,2235,0.9998935509143119
2026-04,fhvhv,distance_based,20995953,20992541,3412,0.9998374924920055
2026-04,fhvhv,sharing_rate,20995953,20995953,0,1.0
2026-04,fhvhv,sharing_zone_rate,20995953,20995953,0,1.0
2026-04,fhvhv,uber_duration_reference,20995953,14961428,6034525,0.7125862779365147
2026-04,fhvhv,uber_duration_shared,20995953,255383,20740570,0.01216343930661304
2026-05,yellow,completed_trip_count,4090823,4038760,52063,0.9872732210608965
2026-05,yellow,pickup_hotspot,4090823,4038760,52063,0.9872732210608965
2026-05,yellow,dropoff_hotspot,4090823,4038760,52063,0.9872732210608965
2026-05,yellow,directed_od_volume,4090823,4038760,52063,0.9872732210608965
2026-05,yellow,directed_od_spending,4090823,4023883,66940,0.9836365445290594
2026-05,yellow,distance_based,4090823,3926730,164093,0.9598875336332078
2026-05,fhvhv,completed_trip_count,22125744,22125744,0,1.0
2026-05,fhvhv,pickup_hotspot,22125744,22125744,0,1.0
2026-05,fhvhv,dropoff_hotspot,22125744,22125744,0,1.0
2026-05,fhvhv,directed_od_volume,22125744,22125744,0,1.0
2026-05,fhvhv,directed_od_spending,22125744,22123385,2359,0.9998933821163257
2026-05,fhvhv,distance_based,22125744,22121246,4498,0.9997967074011161
2026-05,fhvhv,sharing_rate,22125744,22125744,0,1.0
2026-05,fhvhv,sharing_zone_rate,22125744,22125744,0,1.0
2026-05,fhvhv,uber_duration_reference,22125744,14966018,7159726,0.6764074464569417
2026-05,fhvhv,uber_duration_shared,22125744,220904,21904840,0.009984025847899172
