source_file,rule_a,rule_b,overlap_records,share_of_file
yellow_2026_04,distance_gt100mi,fare_base_negative,3,7.830363015629405e-07
yellow_2026_04,distance_gt100mi,payment_gt1000,3,7.830363015629405e-07
yellow_2026_04,distance_gt100mi,payment_negative,3,7.830363015629405e-07
yellow_2026_04,distance_nonpositive,fare_base_negative,1485,0.00038760296927365555
yellow_2026_04,distance_nonpositive,payment_negative,1628,0.0004249276996481557
yellow_2026_04,duration_gt24h,distance_nonpositive,2,5.220242010419603e-07
yellow_2026_04,duration_nonpositive,distance_nonpositive,851,0.00022212129754335411
yellow_2026_04,payment_negative,fare_base_negative,14317,0.0037369102431588728
yellow_2026_04,pickup_outside_study,pickup_file_month_mismatch,11,2.8711331057307815e-06
yellow_2026_05,distance_nonpositive,fare_base_negative,1605,0.00039234034314746425
yellow_2026_05,distance_nonpositive,payment_gt1000,2,4.888976238597686e-07
yellow_2026_05,distance_nonpositive,payment_negative,1768,0.0004321854994920354
yellow_2026_05,duration_gt24h,distance_nonpositive,8,1.9555904954390742e-06
yellow_2026_05,duration_gt24h,payment_gt1000,1,2.444488119298843e-07
yellow_2026_05,duration_nonpositive,distance_nonpositive,1137,0.0002779382991642784
yellow_2026_05,duration_nonpositive,payment_gt1000,5,1.2222440596494212e-06
yellow_2026_05,payment_negative,fare_base_negative,14220,0.0034760621056429543
yellow_2026_05,pickup_outside_study,pickup_file_month_mismatch,3,7.333464357896527e-07
fhvhv_2026_04,distance_gt100mi,fare_base_negative,3,1.428846787759527e-07
fhvhv_2026_04,distance_gt100mi,on_scene_order_invalid,327,1.557442998657884e-05
fhvhv_2026_04,distance_gt100mi,payment_gt1000,44,2.0956419553806394e-06
fhvhv_2026_04,distance_gt100mi,payment_negative,1,4.7628226258650895e-08
fhvhv_2026_04,distance_gt100mi,request_after_pickup,159,7.572887975125492e-06
fhvhv_2026_04,distance_nonpositive,fare_base_negative,153,7.287118617573586e-06
fhvhv_2026_04,distance_nonpositive,on_scene_order_invalid,184,8.763593631591765e-06
fhvhv_2026_04,distance_nonpositive,payment_negative,27,1.285962108983574e-06
fhvhv_2026_04,distance_nonpositive,request_after_pickup,174,8.287311369005256e-06
fhvhv_2026_04,distance_nonpositive,trip_time_nonpositive,29,1.3812185615008759e-06
fhvhv_2026_04,fare_base_negative,on_scene_order_invalid,731,3.48162333950738e-05
fhvhv_2026_04,fare_base_negative,request_after_pickup,470,2.238526634156592e-05
fhvhv_2026_04,on_scene_order_invalid,shared_ny,3,1.428846787759527e-07
fhvhv_2026_04,payment_gt1000,on_scene_order_invalid,14,6.667951676211125e-07
fhvhv_2026_04,payment_gt1000,request_after_pickup,5,2.3814113129325447e-07
fhvhv_2026_04,payment_negative,fare_base_negative,2235,0.00010644908568808474
fhvhv_2026_04,payment_negative,on_scene_order_invalid,34,1.6193596927941305e-06
fhvhv_2026_04,payment_negative,request_after_pickup,31,1.4764750140181777e-06
fhvhv_2026_04,request_after_pickup,on_scene_order_invalid,268958,0.012809992478074227
fhvhv_2026_04,request_after_pickup,shared_ny,3,1.428846787759527e-07
fhvhv_2026_05,distance_gt100mi,fare_base_negative,2,9.03924405886645e-08
fhvhv_2026_05,distance_gt100mi,on_scene_order_invalid,398,1.7988095677144235e-05
fhvhv_2026_05,distance_gt100mi,payment_gt1000,135,6.101489739734854e-06
fhvhv_2026_05,distance_gt100mi,request_after_pickup,192,8.677674296511792e-06
fhvhv_2026_05,distance_nonpositive,fare_base_negative,98,4.4292295888445605e-06
fhvhv_2026_05,distance_nonpositive,on_scene_order_invalid,193,8.722870516806125e-06
fhvhv_2026_05,distance_nonpositive,payment_negative,15,6.779433044149837e-07
fhvhv_2026_05,distance_nonpositive,request_after_pickup,167,7.547768789153486e-06
fhvhv_2026_05,distance_nonpositive,trip_time_nonpositive,49,2.2146147944222803e-06
fhvhv_2026_05,fare_base_negative,on_scene_order_invalid,1394,6.300353109029916e-05
fhvhv_2026_05,fare_base_negative,request_after_pickup,702,3.172774664662124e-05
fhvhv_2026_05,on_scene_order_invalid,shared_ny,3,1.3558866088299674e-07
fhvhv_2026_05,on_scene_order_invalid,trip_time_nonpositive,3,1.3558866088299674e-07
fhvhv_2026_05,payment_gt1000,on_scene_order_invalid,11,4.971584232376547e-07
fhvhv_2026_05,payment_gt1000,request_after_pickup,4,1.80784881177329e-07
fhvhv_2026_05,payment_negative,fare_base_negative,2359,0.00010661788367432978
fhvhv_2026_05,payment_negative,on_scene_order_invalid,33,1.4914752697129642e-06
fhvhv_2026_05,payment_negative,request_after_pickup,29,1.3106903885356353e-06
fhvhv_2026_05,request_after_pickup,on_scene_order_invalid,275536,0.01245318575501913
fhvhv_2026_05,request_after_pickup,shared_ny,3,1.3558866088299674e-07
TOTAL,distance_gt100mi,fare_base_negative,8,1.567282261834367e-07
TOTAL,distance_gt100mi,on_scene_order_invalid,725,1.4203495497873952e-05
TOTAL,distance_gt100mi,payment_gt1000,182,3.5655671456731853e-06
TOTAL,distance_gt100mi,payment_negative,4,7.836411309171835e-08
TOTAL,distance_gt100mi,request_after_pickup,351,6.8764509237982855e-06
TOTAL,distance_nonpositive,fare_base_negative,3341,6.545362545985776e-05
TOTAL,distance_nonpositive,on_scene_order_invalid,377,7.385817658894455e-06
TOTAL,distance_nonpositive,payment_gt1000,2,3.918205654585918e-08
TOTAL,distance_nonpositive,payment_negative,3438,6.735395520233192e-05
TOTAL,distance_nonpositive,request_after_pickup,341,6.68054064106899e-06
TOTAL,distance_nonpositive,trip_time_nonpositive,78,1.528100205288508e-06
TOTAL,duration_gt24h,distance_nonpositive,10,1.959102827292959e-07
TOTAL,duration_gt24h,payment_gt1000,1,1.959102827292959e-08
TOTAL,duration_nonpositive,distance_nonpositive,1988,3.8946964206584024e-05
TOTAL,duration_nonpositive,payment_gt1000,5,9.795514136464795e-08
TOTAL,fare_base_negative,on_scene_order_invalid,2125,4.163093507997538e-05
TOTAL,fare_base_negative,request_after_pickup,1172,2.2960685135873478e-05
TOTAL,on_scene_order_invalid,shared_ny,6,1.1754616963757753e-07
TOTAL,on_scene_order_invalid,trip_time_nonpositive,3,5.8773084818788766e-08
TOTAL,payment_gt1000,on_scene_order_invalid,25,4.897757068232397e-07
TOTAL,payment_gt1000,request_after_pickup,9,1.763192544563663e-07
TOTAL,payment_negative,fare_base_negative,33131,0.0006490703577104303
TOTAL,payment_negative,on_scene_order_invalid,67,1.3125988942862825e-06
TOTAL,payment_negative,request_after_pickup,60,1.1754616963757753e-06
TOTAL,pickup_outside_study,pickup_file_month_mismatch,14,2.7427439582101425e-07
TOTAL,request_after_pickup,on_scene_order_invalid,544494,0.010667197348440524
TOTAL,request_after_pickup,shared_ny,6,1.1754616963757753e-07
