month,service,pickup_day,shared_n,difference_sum_usd
2026-04,Uber,2026-04-01,1640,-13430.308633466371
2026-04,Uber,2026-04-02,1860,-19244.900223554654
2026-04,Uber,2026-04-03,2153,-21284.25861936794
2026-04,Uber,2026-04-04,2293,-15569.951896268454
2026-04,Uber,2026-04-05,1858,-17596.08930681142
2026-04,Uber,2026-04-06,1816,-24199.44532125751
2026-04,Uber,2026-04-07,1992,-24029.957199603836
2026-04,Uber,2026-04-08,1987,-21773.9704526038
2026-04,Uber,2026-04-09,2363,-24098.478370468056
2026-04,Uber,2026-04-10,3175,-27986.72938092027
2026-04,Uber,2026-04-11,2426,-16396.452362096665
2026-04,Uber,2026-04-12,2090,-17298.340001395765
2026-04,Uber,2026-04-13,2554,-29296.69440474096
2026-04,Uber,2026-04-14,2501,-21457.55465594338
2026-04,Uber,2026-04-15,2862,-24644.428308315608
2026-04,Uber,2026-04-16,3192,-25549.688820690684
2026-04,Uber,2026-04-17,3715,-23567.14985003257
2026-04,Uber,2026-04-18,3166,-16590.9484366708
2026-04,Uber,2026-04-19,2647,-20554.803228942816
2026-04,Uber,2026-04-20,2983,-28312.984896296533
2026-04,Uber,2026-04-21,2998,-23278.438677383325
2026-04,Uber,2026-04-22,3077,-25681.545267385092
2026-04,Uber,2026-04-23,4455,-32246.368371727538
2026-04,Uber,2026-04-24,5704,-43687.47276844612
2026-04,Uber,2026-04-25,4092,-21193.465938554582
2026-04,Uber,2026-04-26,2715,-19250.092870605175
2026-04,Uber,2026-04-27,2841,-25663.17724869577
2026-04,Uber,2026-04-28,2845,-23319.105937439672
2026-04,Uber,2026-04-29,3400,-24620.17513383042
2026-04,Uber,2026-04-30,3660,-25631.658703065135
2026-04,Lyft,2026-04-01,1,-8.11406015037591
2026-04,Lyft,2026-04-02,1,-4.5802564102564
2026-04,Lyft,2026-04-03,2,-16.20161290322583
2026-04,Lyft,2026-04-05,1,-9.650277777777784
2026-04,Lyft,2026-04-07,2,-24.493753236917996
2026-04,Lyft,2026-04-09,2,-19.70471949509119
2026-04,Lyft,2026-04-10,2,-71.91790740740733
2026-04,Lyft,2026-04-13,2,11.122158273381217
2026-04,Lyft,2026-04-14,7,-34.53103298701181
2026-04,Lyft,2026-04-15,4,-66.52387740504986
2026-04,Lyft,2026-04-16,2,-28.28096897114861
2026-04,Lyft,2026-04-17,1,28.247380952380954
2026-04,Lyft,2026-04-18,1,-58.00430894308939
2026-04,Lyft,2026-04-20,2,-4.725661524076692
2026-04,Lyft,2026-04-21,2,-3.033728813559339
2026-04,Lyft,2026-04-22,5,-26.79334623635364
2026-04,Lyft,2026-04-23,4,-157.38447481853507
2026-04,Lyft,2026-04-24,4,-274.62571185562945
2026-04,Lyft,2026-04-25,1,3.7077500000000008
2026-04,Lyft,2026-04-30,1,1.405090909090898
2026-05,Uber,2026-05-01,3667,-29557.138786551423
2026-05,Uber,2026-05-02,2689,-21345.652768240856
2026-05,Uber,2026-05-03,2204,-18118.400910461867
2026-05,Uber,2026-05-04,1988,-23645.280057649587
2026-05,Uber,2026-05-05,2194,-19717.673016443066
2026-05,Uber,2026-05-06,2186,-18795.92291759892
2026-05,Uber,2026-05-07,2530,-20228.24811141102
2026-05,Uber,2026-05-08,3064,-26400.314333232407
2026-05,Uber,2026-05-09,2536,-18679.194616326786
2026-05,Uber,2026-05-10,2039,-15182.320145436912
2026-05,Uber,2026-05-11,1617,-15603.82614506868
2026-05,Uber,2026-05-12,1520,-12529.255765003993
2026-05,Uber,2026-05-13,1731,-12685.068344069907
2026-05,Uber,2026-05-14,2106,-15176.019247163513
2026-05,Uber,2026-05-15,2630,-17959.687392989454
2026-05,Uber,2026-05-16,2464,-10118.082856994468
2026-05,Uber,2026-05-17,1911,-7577.3508151437145
2026-05,Uber,2026-05-18,1559,-12890.39192784022
2026-05,Uber,2026-05-19,1678,-13546.684264088506
2026-05,Uber,2026-05-20,2090,-11632.515049456155
2026-05,Uber,2026-05-21,8384,-91664.40539484956
2026-05,Uber,2026-05-22,2823,-25289.557521955638
2026-05,Uber,2026-05-23,2594,-17990.291538448528
2026-05,Uber,2026-05-24,2181,-16835.00909606195
2026-05,Uber,2026-05-25,1617,-18024.496522096244
2026-05,Uber,2026-05-26,1781,-16275.210948720045
2026-05,Uber,2026-05-27,1953,-16930.73790856774
2026-05,Uber,2026-05-28,2476,-17296.351597075736
2026-05,Uber,2026-05-29,3402,-28794.406362259855
2026-05,Uber,2026-05-30,3168,-21133.892816054642
2026-05,Uber,2026-05-31,2667,-18601.50109910264
2026-05,Lyft,2026-05-06,2,-24.981739130434818
2026-05,Lyft,2026-05-07,7,-347.58413846979295
2026-05,Lyft,2026-05-08,1,-7.593018867924545
2026-05,Lyft,2026-05-09,2,-116.37529172320214
2026-05,Lyft,2026-05-11,5,-93.59440666299557
2026-05,Lyft,2026-05-12,1,-37.95828627069163
2026-05,Lyft,2026-05-14,1,14.449189189189177
2026-05,Lyft,2026-05-15,2,-68.77597867315535
2026-05,Lyft,2026-05-16,1,14.644333333333336
2026-05,Lyft,2026-05-18,1,-8.070857142857157
2026-05,Lyft,2026-05-20,2,-39.99303733257325
2026-05,Lyft,2026-05-21,3,28.006935237123884
2026-05,Lyft,2026-05-28,4,-56.61090273501741
2026-05,Lyft,2026-05-30,3,-22.62426704079641
2026-05,Lyft,2026-05-31,3,-25.079246605976422
