month,service,PULocationID,pickup_zone,borough,eligible_nonshared_trips,potentially_shareable_trips,potentially_shareable_share,candidate_trip_pairs
2026-04,Lyft,138,LaGuardia Airport,Queens,103789,44905,0.432656639913671,73673
2026-04,Lyft,76,East New York,Brooklyn,68650,39746,0.578965768390386,98852
2026-04,Lyft,61,Crown Heights North,Brooklyn,76524,35348,0.46192044325963094,37400
2026-04,Lyft,181,Park Slope,Brooklyn,69970,28898,0.4130055738173503,30289
2026-04,Lyft,37,Bushwick South,Brooklyn,64101,27011,0.4213818817179139,27004
2026-04,Lyft,112,Greenpoint,Brooklyn,62375,24975,0.4004008016032064,25855
2026-04,Lyft,42,Central Harlem North,Manhattan,61920,24567,0.39675387596899225,23591
2026-04,Lyft,7,Astoria,Queens,60067,24515,0.4081275908568765,24397
2026-04,Lyft,255,Williamsburg (North Side),Brooklyn,59326,24106,0.40633111957657686,25239
2026-04,Lyft,39,Canarsie,Brooklyn,39840,21024,0.5277108433734939,33313
2026-04,Lyft,132,JFK Airport,Queens,62673,20845,0.3325993649577968,38069
2026-04,Lyft,130,Jamaica,Queens,50040,20806,0.41578737010391686,18577
2026-04,Lyft,79,East Village,Manhattan,63004,19744,0.31337692844898735,16252
2026-04,Lyft,145,Long Island City/Hunters Point,Queens,53748,19536,0.3634739897298504,19413
2026-04,Lyft,36,Bushwick North,Brooklyn,46472,18621,0.4006928903425719,19025
2026-04,Lyft,230,Times Sq/Theatre District,Manhattan,51588,17301,0.3353686903931147,21323
2026-04,Lyft,231,TriBeCa/Civic Center,Manhattan,56730,16743,0.295134849286092,12709
2026-04,Lyft,225,Stuyvesant Heights,Brooklyn,45765,16466,0.35979460286244946,13340
2026-04,Lyft,246,West Chelsea/Hudson Yards,Manhattan,54037,16445,0.3043285156466865,12879
2026-04,Lyft,129,Jackson Heights,Queens,44140,16395,0.3714318078840054,15065
2026-04,Lyft,17,Bedford,Brooklyn,45753,16179,0.3536161563176185,12815
2026-04,Lyft,80,East Williamsburg,Brooklyn,46570,16124,0.346231479493236,14491
2026-04,Lyft,256,Williamsburg (South Side),Brooklyn,50115,16027,0.31980444976553923,13751
2026-04,Lyft,244,Washington Heights South,Manhattan,50455,15964,0.31640075314636806,13599
2026-04,Lyft,41,Central Harlem,Manhattan,45449,15911,0.3500847103346608,13576
2026-04,Lyft,74,East Harlem North,Manhattan,48835,15496,0.31731340227295995,12339
2026-04,Lyft,68,East Chelsea,Manhattan,54103,15481,0.2861394007726004,13405
2026-04,Lyft,148,Lower East Side,Manhattan,53175,15338,0.2884438175834509,12723
2026-04,Lyft,89,Flatbush/Ditmas Park,Brooklyn,45475,14796,0.32536558548653105,12109
2026-04,Lyft,216,South Ozone Park,Queens,34406,14574,0.4235889089112364,14653
2026-04,Lyft,48,Clinton East,Manhattan,51423,14165,0.27546039709857456,13401
2026-04,Lyft,35,Brownsville,Brooklyn,34329,13940,0.4060706691135774,12378
2026-04,Lyft,95,Forest Hills,Queens,40988,13880,0.33863569825314727,14847
2026-04,Lyft,249,West Village,Manhattan,45563,13454,0.2952834536795207,11091
2026-04,Lyft,14,Bay Ridge,Brooklyn,31029,13272,0.4277288987721164,16773
2026-04,Lyft,234,Union Sq,Manhattan,48977,13102,0.2675133225799865,10601
2026-04,Lyft,161,Midtown Center,Manhattan,46749,12916,0.2762839846841644,13454
2026-04,Lyft,188,Prospect-Lefferts Gardens,Brooklyn,40874,12852,0.3144297108186133,9797
2026-04,Lyft,164,Midtown South,Manhattan,47009,12696,0.27007594290455017,10538
2026-04,Lyft,82,Elmhurst,Queens,39942,12642,0.31650893796004204,9485
2026-04,Lyft,97,Fort Greene,Brooklyn,44268,12352,0.2790277401283094,8883
2026-04,Lyft,198,Ridgewood,Queens,36688,11816,0.322067160924553,9368
2026-04,Lyft,168,Mott Haven/Port Morris,Bronx,42096,11447,0.27192607373622196,8747
2026-04,Lyft,223,Steinway,Queens,31450,11005,0.3499205087440382,10468
2026-04,Lyft,226,Sunnyside,Queens,38980,10890,0.2793740379681888,8576
2026-04,Lyft,205,Saint Albans,Queens,27059,10697,0.39532133486085963,9014
2026-04,Lyft,170,Murray Hill,Manhattan,43731,10271,0.23486771397864215,7539
2026-04,Lyft,49,Clinton Hill,Brooklyn,37767,9961,0.2637487753859189,6734
2026-04,Lyft,228,Sunset Park West,Brooklyn,31042,9656,0.31106243154435925,8468
2026-04,Lyft,254,Williamsbridge/Olinville,Bronx,29845,9542,0.31971854582007037,7391
2026-04,Lyft,247,West Concourse,Bronx,35746,9514,0.26615565377944383,7362
2026-04,Lyft,25,Boerum Hill,Brooklyn,37821,9089,0.24031622643504932,6333
2026-04,Lyft,91,Flatlands,Brooklyn,26404,8949,0.33892592031510377,6834
2026-04,Lyft,213,Soundview/Castle Hill,Bronx,30668,8577,0.27967262292943784,6525
2026-04,Lyft,26,Borough Park,Brooklyn,20836,8452,0.4056440775580726,12241
2026-04,Lyft,72,East Flatbush/Remsen Village,Brooklyn,26481,8444,0.31887013330312297,5869
2026-04,Lyft,75,East Harlem South,Manhattan,36774,8345,0.22692663294719095,5867
2026-04,Lyft,197,Richmond Hill,Queens,26344,8262,0.31361979957485575,6237
2026-04,Lyft,243,Washington Heights North,Manhattan,32414,8061,0.2486888381563522,5977
2026-04,Lyft,163,Midtown North,Manhattan,35716,8048,0.22533318400716765,6459
2026-04,Lyft,259,Woodlawn/Wakefield,Bronx,21114,7919,0.37505920242493135,6679
2026-04,Lyft,237,Upper East Side South,Manhattan,37381,7587,0.2029640726572323,5206
2026-04,Lyft,239,Upper West Side South,Manhattan,33508,7473,0.22302136803151487,4791
2026-04,Lyft,107,Gramercy,Manhattan,36493,7387,0.202422382374702,4903
2026-04,Lyft,69,East Concourse/Concourse Village,Bronx,32011,7373,0.2303270750679454,4724
2026-04,Lyft,215,South Jamaica,Queens,20493,7368,0.3595374030156639,7523
2026-04,Lyft,162,Midtown East,Manhattan,35292,7351,0.20829083078318034,6155
2026-04,Lyft,142,Lincoln Square East,Manhattan,34386,7343,0.21354621066713197,4961
2026-04,Lyft,236,Upper East Side North,Manhattan,33891,7310,0.21569148151426631,4761
2026-04,Lyft,159,Melrose South,Bronx,29275,7157,0.2444748078565329,4798
2026-04,Lyft,86,Far Rockaway,Queens,14198,7023,0.4946471333990703,6788
2026-04,Lyft,144,Little Italy/NoLiTa,Manhattan,34085,7006,0.2055449611265953,4717
2026-04,Lyft,51,Co-Op City,Bronx,23634,6849,0.2897943640517898,4828
2026-04,Lyft,220,Spuyten Duyvil/Kingsbridge,Bronx,23475,6519,0.2776996805111821,4738
2026-04,Lyft,260,Woodside,Queens,26164,6462,0.24698058400856138,4458
2026-04,Lyft,141,Lenox Hill West,Manhattan,32842,6383,0.1943547895986846,4037
2026-04,Lyft,87,Financial District North,Manhattan,31694,6376,0.20117372373319872,4297
2026-04,Lyft,114,Greenwich Village South,Manhattan,30348,6365,0.2097337551074206,4863
2026-04,Lyft,116,Hamilton Heights,Manhattan,27788,6260,0.22527709802792573,4193
2026-04,Lyft,10,Baisley Park,Queens,20495,6219,0.3034398633813125,4707
2026-04,Lyft,177,Ocean Hill,Brooklyn,24171,6169,0.25522320135699805,4063
2026-04,Lyft,90,Flatiron,Manhattan,30939,6145,0.1986166327289182,3939
2026-04,Lyft,158,Meatpacking/West Village West,Manhattan,29175,6117,0.20966580976863752,4028
2026-04,Lyft,127,Inwood,Manhattan,26152,6111,0.23367237687366166,8409
2026-04,Lyft,18,Bedford Park,Bronx,29026,6033,0.20784813615379316,3768
2026-04,Lyft,174,Norwood,Bronx,26678,6027,0.2259164854936652,3970
2026-04,Lyft,191,Queens Village,Queens,18203,6023,0.3308795253529638,4927
2026-04,Lyft,143,Lincoln Square West,Manhattan,27713,5944,0.21448417710099954,3748
2026-04,Lyft,92,Flushing,Queens,26971,5784,0.2144525601572059,3987
2026-04,Lyft,33,Brooklyn Heights,Brooklyn,31376,5681,0.1810619581845997,3471
2026-04,Lyft,71,East Flatbush/Farragut,Brooklyn,21493,5607,0.26087563392732516,3647
2026-04,Lyft,186,Penn Station/Madison Sq West,Manhattan,28097,5423,0.19300992988575294,4818
2026-04,Lyft,179,Old Astoria,Queens,22393,5300,0.23668110570267495,3738
2026-04,Lyft,140,Lenox Hill East,Manhattan,34092,5295,0.15531502991904259,3135
2026-04,Lyft,55,Coney Island,Brooklyn,16244,5289,0.32559714356069935,4517
2026-04,Lyft,166,Morningside Heights,Manhattan,25890,5234,0.20216299729625337,3321
2026-04,Lyft,242,Van Nest/Morris Park,Bronx,23852,5192,0.2176756666107664,3371
2026-04,Lyft,169,Mount Hope,Bronx,27102,5178,0.19105601062652203,3134
2026-04,Lyft,210,Sheepshead Bay,Brooklyn,17721,5108,0.28824558433496983,3592
2026-04,Lyft,189,Prospect Heights,Brooklyn,24261,5097,0.21009026833189068,3384
2026-04,Lyft,206,Saint George/New Brighton,Staten Island,13073,5072,0.38797521609424,4349
2026-04,Lyft,78,East Tremont,Bronx,28322,5063,0.17876562389661746,3103
2026-04,Lyft,100,Garment District,Manhattan,25477,5063,0.19872826470934568,4464
2026-04,Lyft,238,Upper West Side North,Manhattan,26624,4990,0.18742487980769232,3121
2026-04,Lyft,113,Greenwich Village North,Manhattan,28911,4969,0.17187229774134413,3126
2026-04,Lyft,229,Sutton Place/Turtle Bay North,Manhattan,28588,4945,0.17297467468868055,3024
2026-04,Lyft,50,Clinton West,Manhattan,27696,4852,0.17518775274407858,2905
2026-04,Lyft,81,Eastchester,Bronx,17475,4835,0.2766809728183119,3168
2026-04,Lyft,65,Downtown Brooklyn/MetroTech,Brooklyn,28973,4816,0.16622372553756945,2879
2026-04,Lyft,211,SoHo,Manhattan,26330,4791,0.1819597417394607,3096
2026-04,Lyft,263,Yorkville West,Manhattan,28007,4634,0.1654586353411647,2907
2026-04,Lyft,22,Bensonhurst West,Brooklyn,17888,4583,0.2562052772808587,3070
2026-04,Lyft,77,East New York/Pennsylvania Avenue,Brooklyn,16649,4512,0.271007267703766,3344
2026-04,Lyft,235,University Heights/Morris Heights,Bronx,24818,4405,0.17749214279958095,2662
2026-04,Lyft,203,Rosedale,Queens,12009,4360,0.36306103755516694,3545
2026-04,Lyft,167,Morrisania/Melrose,Bronx,22947,4292,0.18703970017867258,2683
2026-04,Lyft,208,Schuylerville/Edgewater Park,Bronx,19743,4114,0.2083776528389809,2890
2026-04,Lyft,233,UN/Turtle Bay South,Manhattan,26010,4112,0.15809304113802383,2450
2026-04,Lyft,117,Hammels/Arverne,Queens,10520,3972,0.3775665399239544,3049
2026-04,Lyft,157,Maspeth,Queens,20324,3949,0.19430230269631962,2552
2026-04,Lyft,62,Crown Heights South,Brooklyn,19594,3769,0.19235480249055834,2478
2026-04,Lyft,241,Van Cortlandt Village,Bronx,21048,3678,0.17474344355758267,2223
2026-04,Lyft,119,Highbridge,Bronx,21195,3654,0.17239915074309978,2324
2026-04,Lyft,85,Erasmus,Brooklyn,17239,3547,0.20575439410638668,2261
2026-04,Lyft,63,Cypress Hills,Brooklyn,16425,3456,0.2104109589041096,2400
2026-04,Lyft,13,Battery Park City,Manhattan,20466,3423,0.16725300498387569,2135
2026-04,Lyft,126,Hunts Point,Bronx,19663,3423,0.17408330366678534,2215
2026-04,Lyft,137,Kips Bay,Manhattan,27331,3381,0.12370568219238227,2012
2026-04,Lyft,47,Claremont/Bathgate,Bronx,20714,3324,0.1604711789128126,1918
2026-04,Lyft,139,Laurelton,Queens,12726,3244,0.2549112054062549,2311
2026-04,Lyft,123,Homecrest,Brooklyn,15036,3192,0.2122905027932961,1986
2026-04,Lyft,258,Woodhaven,Queens,17493,3171,0.18127250900360145,1971
2026-04,Lyft,66,DUMBO/Vinegar Hill,Brooklyn,22639,3143,0.1388312204602677,1802
2026-04,Lyft,262,Yorkville East,Manhattan,20005,3069,0.15341164708822794,1859
2026-04,Lyft,106,Gowanus,Brooklyn,17407,3021,0.17355087033951858,1993
2026-04,Lyft,185,Pelham Parkway,Bronx,19056,3010,0.1579554995801847,1814
2026-04,Lyft,155,Marine Park/Mill Basin,Brooklyn,13724,2988,0.21772078111337803,1890
2026-04,Lyft,218,Springfield Gardens North,Queens,13770,2952,0.21437908496732025,1793
2026-04,Lyft,21,Bensonhurst East,Brooklyn,14282,2904,0.20333286654530178,1782
2026-04,Lyft,56,Corona,Queens,16185,2863,0.17689218412109978,1849
2026-04,Lyft,165,Midwood,Brooklyn,14927,2848,0.1907952033228378,1739
2026-04,Lyft,3,Allerton/Pelham Gardens,Bronx,14628,2804,0.1916871752802844,1798
2026-04,Lyft,149,Madison,Brooklyn,12982,2656,0.20459097211523647,1665
2026-04,Lyft,212,Soundview/Bruckner,Bronx,16744,2639,0.15760869565217392,1644
2026-04,Lyft,20,Belmont,Bronx,18363,2590,0.14104449164079944,1543
2026-04,Lyft,232,Two Bridges/Seward Park,Manhattan,23465,2573,0.10965267419561048,1430
2026-04,Lyft,40,Carroll Gardens,Brooklyn,16943,2563,0.15127191170394852,1631
2026-04,Lyft,156,Mariners Harbor,Staten Island,8414,2556,0.30377941526028046,1803
2026-04,Lyft,28,Briarwood/Jamaica Hills,Queens,14229,2553,0.17942230655703142,1703
2026-04,Lyft,102,Glendale,Queens,13936,2546,0.18269230769230768,1677
2026-04,Lyft,196,Rego Park,Queens,15023,2498,0.1662783731611529,1722
2026-04,Lyft,200,Riverdale/North Riverdale/Fieldston,Bronx,12744,2488,0.19522912743251727,1609
2026-04,Lyft,70,East Elmhurst,Queens,14818,2397,0.1617627210149818,1460
2026-04,Lyft,221,Stapleton,Staten Island,8958,2372,0.26479124804643894,1553
2026-04,Lyft,83,Elmhurst/Maspeth,Queens,13619,2367,0.17380130699757693,1545
2026-04,Lyft,125,Hudson Sq,Manhattan,17631,2336,0.13249390278486756,1443
2026-04,Lyft,29,Brighton Beach,Brooklyn,11273,2309,0.2048256897010556,1430
2026-04,Lyft,32,Bronxdale,Bronx,15513,2258,0.14555534068200865,1303
2026-04,Lyft,134,Kew Gardens,Queens,13829,2257,0.16320775182587316,1394
2026-04,Lyft,146,Long Island City/Queens Plaza,Queens,15218,2249,0.14778551715074253,1430
2026-04,Lyft,227,Sunset Park East,Brooklyn,11852,2200,0.18562267971650354,1412
2026-04,Lyft,173,North Corona,Queens,13383,2194,0.16393932601061048,1400
2026-04,Lyft,250,Westchester Village/Unionport,Bronx,15001,2153,0.14352376508232784,1268
2026-04,Lyft,219,Springfield Gardens South,Queens,11142,2111,0.18946329204810627,1249
2026-04,Lyft,182,Parkchester,Bronx,15091,2060,0.13650520177589293,1183
2026-04,Lyft,152,Manhattanville,Manhattan,14860,2013,0.135464333781965,1192
2026-04,Lyft,151,Manhattan Valley,Manhattan,15101,1934,0.1280709886762466,1087
2026-04,Lyft,261,World Trade Center,Manhattan,15940,1934,0.12132998745294855,1207
2026-04,Lyft,121,Hillcrest/Pomonok,Queens,13664,1916,0.14022248243559718,1158
2026-04,Lyft,16,Bayside,Queens,10886,1909,0.17536285136873048,1242
2026-04,Lyft,257,Windsor Terrace,Brooklyn,11964,1841,0.1538783015713808,1159
2026-04,Lyft,180,Ozone Park,Queens,10444,1815,0.1737839908081195,1152
2026-04,Lyft,160,Middle Village,Queens,12648,1813,0.1433428209993675,1089
2026-04,Lyft,67,Dyker Heights,Brooklyn,9411,1799,0.19115928169163746,1117
2026-04,Lyft,195,Red Hook,Brooklyn,13784,1785,0.12949796865931515,1125
2026-04,Lyft,171,Murray Hill-Queens,Queens,10429,1694,0.16243168088982646,1075
2026-04,Lyft,60,Crotona Park East,Bronx,14177,1596,0.11257670875361502,910
2026-04,Lyft,23,Bloomfield/Emerson Hill,Staten Island,8021,1553,0.1936167560154594,978
2026-04,Lyft,135,Kew Gardens Hills,Queens,10294,1537,0.14931027783174664,1005
2026-04,Lyft,124,Howard Beach,Queens,9135,1532,0.16770662287903668,953
2026-04,Lyft,88,Financial District South,Manhattan,14573,1494,0.10251835586358334,969
2026-04,Lyft,193,Queensbridge/Ravenswood,Queens,10271,1490,0.14506863985979943,895
2026-04,Lyft,136,Kingsbridge Heights,Bronx,14260,1488,0.10434782608695652,814
2026-04,Lyft,248,West Farms/Bronx River,Bronx,14245,1461,0.10256230256230256,791
2026-04,Lyft,217,South Williamsburg,Brooklyn,7427,1451,0.19536825097616803,970
2026-04,Lyft,147,Longwood,Bronx,12662,1399,0.11048807455378297,776
2026-04,Lyft,222,Starrett City,Brooklyn,6892,1282,0.18601276842716194,819
2026-04,Lyft,45,Chinatown,Manhattan,14513,1220,0.08406256459725762,677
2026-04,Lyft,4,Alphabet City,Manhattan,14757,1218,0.0825371010367961,678
2026-04,Lyft,133,Kensington,Brooklyn,10771,1209,0.11224584532541082,663
2026-04,Lyft,38,Cambria Heights,Queens,7380,1184,0.16043360433604337,715
2026-04,Lyft,94,Fordham South,Bronx,12533,1144,0.09127902337828134,623
2026-04,Lyft,122,Hollis,Queens,7729,1103,0.14270927674990297,635
2026-04,Lyft,131,Jamaica Estates,Queens,9373,1088,0.11607809666062094,631
2026-04,Lyft,108,Gravesend,Brooklyn,8073,1083,0.13415087328130806,623
2026-04,Lyft,52,Cobble Hill,Brooklyn,11297,1043,0.09232539612286447,567
2026-04,Lyft,209,Seaport,Manhattan,11666,889,0.07620435453454483,494
2026-04,Lyft,224,Stuy Town/Peter Cooper Village,Manhattan,10632,876,0.08239277652370203,485
2026-04,Lyft,118,Heartland Village/Todt Hill,Staten Island,5968,820,0.13739946380697052,482
2026-04,Lyft,101,Glen Oaks,Queens,4881,803,0.16451546814177423,509
2026-04,Lyft,53,College Point,Queens,7669,770,0.10040422480114748,439
2026-04,Lyft,245,West Brighton,Staten Island,4689,761,0.16229473235231393,449
2026-04,Lyft,115,Grymes Hill/Clifton,Staten Island,5009,750,0.1497304851267718,444
2026-04,Lyft,183,Pelham Bay,Bronx,7972,730,0.09157049673858504,401
2026-04,Lyft,34,Brooklyn Navy Yard,Brooklyn,5497,661,0.12024740767691468,561
2026-04,Lyft,11,Bath Beach,Brooklyn,5840,645,0.11044520547945205,372
2026-04,Lyft,214,South Beach/Dongan Hills,Staten Island,5367,644,0.11999254704676728,366
2026-04,Lyft,150,Manhattan Beach,Brooklyn,5367,616,0.11477547978386436,344
2026-04,Lyft,24,Bloomingdale,Manhattan,8019,596,0.07432348173088914,333
2026-04,Lyft,252,Whitestone,Queens,6717,593,0.08828345987792169,319
2026-04,Lyft,19,Bellerose,Queens,4691,573,0.12214879556597741,352
2026-04,Lyft,192,Queensboro Hill,Queens,7267,556,0.07651025182331085,350
2026-04,Lyft,240,Van Cortlandt Park,Bronx,4101,529,0.1289929285540112,332
2026-04,Lyft,187,Port Richmond,Staten Island,4415,506,0.11460928652321631,272
2026-04,Lyft,109,Great Kills,Staten Island,4009,490,0.12222499376403093,284
2026-04,Lyft,207,Saint Michaels Cemetery/Woodside,Queens,2942,465,0.15805574439157036,284
2026-04,Lyft,251,Westerleigh,Staten Island,4391,462,0.10521521293554999,247
2026-04,Lyft,73,East Flushing,Queens,4953,435,0.08782556026650515,259
2026-04,Lyft,93,Flushing Meadows-Corona Park,Queens,4284,385,0.08986928104575163,296
2026-04,Lyft,178,Ocean Parkway South,Brooklyn,4557,380,0.08338819398727233,218
2026-04,Lyft,43,Central Park,Manhattan,6348,374,0.05891619407687461,210
2026-04,Lyft,172,New Dorp/Midland Beach,Staten Island,3844,364,0.09469302809573361,207
2026-04,Lyft,153,Marble Hill,Manhattan,5148,346,0.06721056721056722,185
2026-04,Lyft,201,Rockaway Park,Queens,2733,332,0.12147822905232346,184
2026-04,Lyft,9,Auburndale,Queens,4844,328,0.06771263418662263,177
2026-04,Lyft,64,Douglaston,Queens,3512,325,0.09253986332574032,177
2026-04,Lyft,6,Arrochar/Fort Wadsworth,Staten Island,3773,324,0.08587331036310628,177
2026-04,Lyft,175,Oakland Gardens,Queens,4240,319,0.07523584905660377,177
2026-04,Lyft,190,Prospect Park,Brooklyn,4081,301,0.07375643224699828,175
2026-04,Lyft,15,Bay Terrace/Fort Totten,Queens,3989,276,0.06919027325144146,144
2026-04,Lyft,98,Fresh Meadows,Queens,5277,274,0.05192344134925147,143
2026-04,Lyft,44,Charleston/Tottenville,Staten Island,2129,227,0.10662282761860029,125
2026-04,Lyft,54,Columbia Street,Brooklyn,4318,176,0.04075961093098657,88
2026-04,Lyft,84,Eltingville/Annadale/Prince's Bay,Staten Island,2346,121,0.051577152600170505,65
2026-04,Lyft,202,Roosevelt Island,Manhattan,3383,120,0.03547147502216967,63
2026-04,Lyft,31,Bronx Park,Bronx,2795,100,0.03577817531305903,50
2026-04,Lyft,176,Oakwood,Staten Island,1897,65,0.03426462836056932,34
2026-04,Lyft,5,Arden Heights,Staten Island,1353,52,0.038433111603843315,26
2026-04,Lyft,184,Pelham Bay Park,Bronx,1219,51,0.04183757178014766,39
2026-04,Lyft,58,Country Club,Bronx,1781,50,0.02807411566535654,25
2026-04,Lyft,204,Rossville/Woodrow,Staten Island,1328,46,0.03463855421686747,23
2026-04,Lyft,194,Randalls Island,Manhattan,1513,44,0.029081295439524125,22
2026-04,Lyft,128,Inwood Hill Park,Manhattan,2030,40,0.019704433497536946,20
2026-04,Lyft,46,City Island,Bronx,1266,28,0.022116903633491312,14
2026-04,Lyft,57,Corona,Queens,1384,20,0.014450867052023121,10
2026-04,Lyft,96,Forest Park/Highland Park,Queens,919,10,0.01088139281828074,5
2026-04,Lyft,12,Battery Park,Manhattan,500,8,0.016,4
2026-04,Lyft,59,Crotona Park,Bronx,647,8,0.012364760432766615,4
2026-04,Lyft,8,Astoria Park,Queens,229,6,0.026200873362445413,3
2026-04,Lyft,30,Broad Channel,Queens,243,6,0.024691358024691357,3
2026-04,Lyft,99,Freshkills Park,Staten Island,166,4,0.024096385542168676,2
2026-04,Lyft,111,Green-Wood Cemetery,Brooklyn,237,2,0.008438818565400843,1
2026-04,Lyft,154,Marine Park/Floyd Bennett Field,Brooklyn,391,2,0.005115089514066497,1
2026-04,Lyft,265,Outside of NYC,N/A,254,2,0.007874015748031496,1
2026-04,Lyft,253,Willets Point,Queens,258,2,0.007751937984496124,1
2026-04,Lyft,27,Breezy Point/Fort Tilden/Riis Beach,Queens,116,0,0.0,0
2026-04,Lyft,105,Governor's Island/Ellis Island/Liberty Island,Manhattan,3,0,0.0,0
2026-04,Lyft,110,Great Kills Park,Staten Island,6,0,0.0,0
2026-04,Lyft,120,Highbridge Park,Manhattan,493,0,0.0,0
2026-04,Lyft,2,Jamaica Bay,Queens,14,0,0.0,0
2026-04,Lyft,199,Rikers Island,Bronx,8,0,0.0,0
2026-04,Uber,138,LaGuardia Airport,Queens,295768,190429,0.6438458521543913,539852
2026-04,Uber,132,JFK Airport,Queens,242546,125871,0.5189572287318694,481070
2026-04,Uber,161,Midtown Center,Manhattan,194215,120602,0.6209716036351466,254588
2026-04,Uber,61,Crown Heights North,Brooklyn,185310,119491,0.6448167934811937,194672
2026-04,Uber,76,East New York,Brooklyn,171583,119104,0.6941480216571572,544685
2026-04,Uber,230,Times Sq/Theatre District,Manhattan,181970,109180,0.5999890091773369,215434
2026-04,Uber,79,East Village,Manhattan,173016,94618,0.5468742775234661,117577
2026-04,Uber,231,TriBeCa/Civic Center,Manhattan,168220,94530,0.5619426940910712,112221
2026-04,Uber,246,West Chelsea/Hudson Yards,Manhattan,159123,93128,0.5852579451116432,122017
2026-04,Uber,37,Bushwick South,Brooklyn,155641,90592,0.5820574270275827,144538
2026-04,Uber,234,Union Sq,Manhattan,161202,89811,0.5571332861875162,111227
2026-04,Uber,112,Greenpoint,Brooklyn,141197,80457,0.5698208885457906,148799
2026-04,Uber,255,Williamsburg (North Side),Brooklyn,140841,80328,0.570345282978678,141636
2026-04,Uber,7,Astoria,Queens,141080,80184,0.5683583782251205,138590
2026-04,Uber,68,East Chelsea,Manhattan,151208,80164,0.5301571345431458,106387
2026-04,Uber,39,Canarsie,Brooklyn,113011,77339,0.6843493111290051,227863
2026-04,Uber,164,Midtown South,Manhattan,145005,74754,0.515527050791352,92467
2026-04,Uber,237,Upper East Side South,Manhattan,135704,72077,0.5311339385721865,83667
2026-04,Uber,145,Long Island City/Hunters Point,Queens,132326,68887,0.5205855236310325,107592
2026-04,Uber,249,West Village,Manhattan,131067,68877,0.5255098537389274,81781
2026-04,Uber,148,Lower East Side,Manhattan,142131,68525,0.48212564465176494,74510
2026-04,Uber,130,Jamaica,Queens,118496,68501,0.5780870240345666,96206
2026-04,Uber,129,Jackson Heights,Queens,118915,68219,0.5736786780473447,121733
2026-04,Uber,163,Midtown North,Manhattan,126806,66106,0.5213160260555494,85735
2026-04,Uber,42,Central Harlem North,Manhattan,125519,65719,0.5235781037133821,82148
2026-04,Uber,181,Park Slope,Brooklyn,124978,64736,0.5179791643329226,85393
2026-04,Uber,82,Elmhurst,Queens,115781,63899,0.5518953887079918,86234
2026-04,Uber,162,Midtown East,Manhattan,127175,63610,0.500176921564773,97519
2026-04,Uber,36,Bushwick North,Brooklyn,114714,63145,0.550455916453092,107275
2026-04,Uber,170,Murray Hill,Manhattan,130634,62323,0.47708100494511385,68336
2026-04,Uber,89,Flatbush/Ditmas Park,Brooklyn,116917,62277,0.5326599211406382,80098
2026-04,Uber,216,South Ozone Park,Queens,97855,61676,0.6302794951714271,122867
2026-04,Uber,17,Bedford,Brooklyn,112363,61646,0.5486325569805007,76222
2026-04,Uber,188,Prospect-Lefferts Gardens,Brooklyn,110187,60730,0.5511539473803625,74509
2026-04,Uber,225,Stuyvesant Heights,Brooklyn,111229,59658,0.5363529295417562,71630
2026-04,Uber,256,Williamsburg (South Side),Brooklyn,117388,59121,0.5036375097965721,76677
2026-04,Uber,48,Clinton East,Manhattan,124597,57489,0.4613995521561514,65171
2026-04,Uber,236,Upper East Side North,Manhattan,110991,56157,0.5059599426980566,63221
2026-04,Uber,35,Brownsville,Brooklyn,93527,55122,0.5893699145701241,74255
2026-04,Uber,95,Forest Hills,Queens,105574,54263,0.5139807149487563,109340
2026-04,Uber,80,East Williamsburg,Brooklyn,104185,52331,0.5022891971013101,68066
2026-04,Uber,244,Washington Heights South,Manhattan,108644,50622,0.46594381650160155,54644
2026-04,Uber,14,Bay Ridge,Brooklyn,84537,48847,0.5778179968534488,129273
2026-04,Uber,198,Ridgewood,Queens,95327,47852,0.501977404093279,62707
2026-04,Uber,168,Mott Haven/Port Morris,Bronx,100542,45644,0.453979431481371,49676
2026-04,Uber,107,Gramercy,Manhattan,105281,44597,0.42359969985087526,40932
2026-04,Uber,41,Central Harlem,Manhattan,91225,44071,0.4831022197862428,49211
2026-04,Uber,254,Williamsbridge/Olinville,Bronx,79125,43328,0.5475892575039495,52303
2026-04,Uber,74,East Harlem North,Manhattan,96370,42958,0.44576112898204834,45464
2026-04,Uber,142,Lincoln Square East,Manhattan,98576,42778,0.43395958448303845,39204
2026-04,Uber,144,Little Italy/NoLiTa,Manhattan,102218,42630,0.41704983466708406,36787
2026-04,Uber,72,East Flatbush/Remsen Village,Brooklyn,76047,42371,0.5571685931068944,43733
2026-04,Uber,90,Flatiron,Manhattan,96003,42115,0.43868420778517336,38550
2026-04,Uber,26,Borough Park,Brooklyn,69634,41719,0.5991182468334434,162442
2026-04,Uber,97,Fort Greene,Brooklyn,96258,41274,0.42878513993642087,37532
2026-04,Uber,92,Flushing,Queens,85696,40073,0.46761809185959674,47829
2026-04,Uber,141,Lenox Hill West,Manhattan,94009,39597,0.42120435277473434,36307
2026-04,Uber,91,Flatlands,Brooklyn,72772,39396,0.5413620623316661,45988
2026-04,Uber,226,Sunnyside,Queens,88318,39352,0.44557168414139814,45093
2026-04,Uber,239,Upper West Side South,Manhattan,87180,38577,0.44249827942188574,34137
2026-04,Uber,158,Meatpacking/West Village West,Manhattan,85306,38174,0.4474949007103838,34393
2026-04,Uber,247,West Concourse,Bronx,83593,37729,0.45134161951359564,37173
2026-04,Uber,49,Clinton Hill,Brooklyn,85877,37275,0.4340510264680881,33080
2026-04,Uber,213,Soundview/Castle Hill,Bronx,76975,37103,0.48201364079246506,40826
2026-04,Uber,114,Greenwich Village South,Manhattan,89589,36569,0.4081862728683209,38227
2026-04,Uber,113,Greenwich Village North,Manhattan,90156,36248,0.40205865388881495,29691
2026-04,Uber,223,Steinway,Queens,71197,36116,0.5072685646867143,60505
2026-04,Uber,75,East Harlem South,Manhattan,92654,35489,0.38302717637662703,33028
2026-04,Uber,197,Richmond Hill,Queens,68598,35397,0.5160062975596956,42432
2026-04,Uber,87,Financial District North,Manhattan,88323,35363,0.4003826862765078,33802
2026-04,Uber,228,Sunset Park West,Brooklyn,73021,35214,0.48224483367798304,44463
2026-04,Uber,211,SoHo,Manhattan,85160,35138,0.4126115547205261,29854
2026-04,Uber,243,Washington Heights North,Manhattan,80828,34825,0.4308531696936705,38322
2026-04,Uber,69,East Concourse/Concourse Village,Bronx,79703,34248,0.4296952435918347,29511
2026-04,Uber,205,Saint Albans,Queens,61190,32808,0.5361660402026475,39355
2026-04,Uber,71,East Flatbush/Farragut,Brooklyn,64714,32720,0.5056092962882839,32242
2026-04,Uber,186,Penn Station/Madison Sq West,Manhattan,84220,32689,0.38813820945143673,37599
2026-04,Uber,18,Bedford Park,Bronx,75907,32487,0.42798424387737627,27489
2026-04,Uber,169,Mount Hope,Bronx,77008,31333,0.406879804695616,24303
2026-04,Uber,159,Melrose South,Bronx,72455,31116,0.42945276378441793,28762
2026-04,Uber,51,Co-Op City,Bronx,62959,31019,0.4926857161009546,32176
2026-04,Uber,259,Woodlawn/Wakefield,Bronx,55234,30762,0.5569395662092189,43513
2026-04,Uber,100,Garment District,Manhattan,79409,30698,0.3865808661486733,36613
2026-04,Uber,260,Woodside,Queens,66955,30615,0.45724740497348965,29194
2026-04,Uber,229,Sutton Place/Turtle Bay North,Manhattan,79888,29835,0.37346034448227516,24010
2026-04,Uber,238,Upper West Side North,Manhattan,73896,29801,0.4032829923135217,25003
2026-04,Uber,174,Norwood,Bronx,68096,29484,0.4329769736842105,26347
2026-04,Uber,25,Boerum Hill,Brooklyn,79468,28747,0.36174309155886647,23410
2026-04,Uber,233,UN/Turtle Bay South,Manhattan,76223,28701,0.3765398895346549,24786
2026-04,Uber,22,Bensonhurst West,Brooklyn,56445,28566,0.5060855700239171,29734
2026-04,Uber,263,Yorkville West,Manhattan,76966,27949,0.3631343710209703,22882
2026-04,Uber,177,Ocean Hill,Brooklyn,63180,27730,0.4389047166824945,24823
2026-04,Uber,210,Sheepshead Bay,Brooklyn,52643,27629,0.5248371103470547,31087
2026-04,Uber,143,Lincoln Square West,Manhattan,68938,27587,0.4001711682961502,22920
2026-04,Uber,166,Morningside Heights,Manhattan,70254,27440,0.3905827426196373,22931
2026-04,Uber,50,Clinton West,Manhattan,71784,26348,0.36704558118800845,21966
2026-04,Uber,220,Spuyten Duyvil/Kingsbridge,Bronx,56873,25887,0.45517205000615407,30199
2026-04,Uber,78,East Tremont,Bronx,70420,25866,0.3673104231752343,19449
2026-04,Uber,235,University Heights/Morris Heights,Bronx,68507,25431,0.37121753981344974,19120
2026-04,Uber,13,Battery Park City,Manhattan,67046,25227,0.37626405751275244,23254
2026-04,Uber,140,Lenox Hill East,Manhattan,78447,24242,0.3090239269825487,17957
2026-04,Uber,116,Hamilton Heights,Manhattan,65094,24150,0.371001935662273,19763
2026-04,Uber,242,Van Nest/Morris Park,Bronx,61338,24106,0.3930027063158238,19194
2026-04,Uber,241,Van Cortlandt Village,Bronx,60023,23125,0.3852689802242474,19104
2026-04,Uber,10,Baisley Park,Queens,48346,23068,0.47714392090348734,25776
2026-04,Uber,215,South Jamaica,Queens,46288,22781,0.4921577946768061,39452
2026-04,Uber,123,Homecrest,Brooklyn,45761,22681,0.4956403924739407,24088
2026-04,Uber,86,Far Rockaway,Queens,33808,22040,0.6519167061050639,33167
2026-04,Uber,33,Brooklyn Heights,Brooklyn,68840,22015,0.31979953515398024,16222
2026-04,Uber,81,Eastchester,Bronx,45836,21840,0.47648136835675015,20533
2026-04,Uber,55,Coney Island,Brooklyn,44915,21828,0.4859846376488923,28232
2026-04,Uber,191,Queens Village,Queens,45587,21461,0.4707701757079869,25975
2026-04,Uber,167,Morrisania/Melrose,Bronx,58285,21122,0.3623916959766664,17842
2026-04,Uber,137,Kips Bay,Manhattan,74602,20862,0.27964397737326074,15298
2026-04,Uber,127,Inwood,Manhattan,58694,20773,0.35392033257232425,17168
2026-04,Uber,63,Cypress Hills,Brooklyn,49662,20482,0.4124280133703838,21465
2026-04,Uber,208,Schuylerville/Edgewater Park,Bronx,52620,20428,0.3882174078297225,20900
2026-04,Uber,179,Old Astoria,Queens,51335,20415,0.39768189344501803,21223
2026-04,Uber,65,Downtown Brooklyn/MetroTech,Brooklyn,68022,20306,0.29852106671371026,14514
2026-04,Uber,56,Corona,Queens,50237,19701,0.39216115611999125,19012
2026-04,Uber,85,Erasmus,Brooklyn,48783,19623,0.4022507840846196,16661
2026-04,Uber,206,Saint George/New Brighton,Staten Island,33969,19177,0.5645441431893785,25314
2026-04,Uber,258,Woodhaven,Queens,49596,18873,0.3805347205419792,16638
2026-04,Uber,165,Midwood,Brooklyn,44872,18866,0.42044036370119453,17897
2026-04,Uber,62,Crown Heights South,Brooklyn,50294,18178,0.36143476359009025,15564
2026-04,Uber,77,East New York/Pennsylvania Avenue,Brooklyn,43502,18108,0.4162567238287895,19162
2026-04,Uber,125,Hudson Sq,Manhattan,54888,18085,0.3294891415245591,13647
2026-04,Uber,47,Claremont/Bathgate,Bronx,52815,18023,0.34124775158572374,13113
2026-04,Uber,21,Bensonhurst East,Brooklyn,42534,17793,0.4183241641980533,14851
2026-04,Uber,119,Highbridge,Bronx,52365,17686,0.33774467678793085,13892
2026-04,Uber,155,Marine Park/Mill Basin,Brooklyn,41377,17635,0.4262029629987674,15484
2026-04,Uber,189,Prospect Heights,Brooklyn,50960,17431,0.34205259026687596,14048
2026-04,Uber,149,Madison,Brooklyn,38802,17201,0.44330189165506934,15319
2026-04,Uber,227,Sunset Park East,Brooklyn,39765,17137,0.430956871620772,16832
2026-04,Uber,261,World Trade Center,Manhattan,55267,17032,0.30817666962201673,14699
2026-04,Uber,185,Pelham Parkway,Bronx,49320,16198,0.328426601784266,12078
2026-04,Uber,203,Rosedale,Queens,29561,15890,0.5375325597916173,20444
2026-04,Uber,262,Yorkville East,Manhattan,49377,15619,0.3163213641979059,12046
2026-04,Uber,173,North Corona,Queens,42309,15455,0.3652887092580775,13250
2026-04,Uber,126,Hunts Point,Bronx,47817,15231,0.31852688374427507,11264
2026-04,Uber,66,DUMBO/Vinegar Hill,Brooklyn,54914,15096,0.27490257493535347,10213
2026-04,Uber,157,Maspeth,Queens,45825,14837,0.32377523186033824,11905
2026-04,Uber,29,Brighton Beach,Brooklyn,33451,14713,0.43983737406953455,12423
2026-04,Uber,102,Glendale,Queens,38798,14680,0.3783700190731481,13859
2026-04,Uber,20,Belmont,Bronx,48647,14575,0.29960737558328365,10318
2026-04,Uber,117,Hammels/Arverne,Queens,26284,13991,0.5323010196317152,15483
2026-04,Uber,232,Two Bridges/Seward Park,Manhattan,58654,13951,0.23785249087871244,9329
2026-04,Uber,200,Riverdale/North Riverdale/Fieldston,Bronx,33971,13621,0.40095964204762885,14478
2026-04,Uber,196,Rego Park,Queens,40444,13269,0.32808327564039164,12657
2026-04,Uber,139,Laurelton,Queens,30416,13232,0.4350341925302472,13377
2026-04,Uber,212,Soundview/Bruckner,Bronx,43703,13217,0.302427750955312,10437
2026-04,Uber,28,Briarwood/Jamaica Hills,Queens,38767,13159,0.33943818195888253,11901
2026-04,Uber,83,Elmhurst/Maspeth,Queens,37795,13066,0.34570710411430083,11529
2026-04,Uber,182,Parkchester,Bronx,42038,12664,0.30125124887006993,9210
2026-04,Uber,250,Westchester Village/Unionport,Bronx,40729,12628,0.31004935058557787,9658
2026-04,Uber,171,Murray Hill-Queens,Queens,32861,12557,0.38212470709960134,12543
2026-04,Uber,3,Allerton/Pelham Gardens,Bronx,35162,11986,0.3408793583982709,9168
2026-04,Uber,67,Dyker Heights,Brooklyn,29672,11972,0.40347802642221625,10925
2026-04,Uber,134,Kew Gardens,Queens,35804,11926,0.3330912747179086,9391
2026-04,Uber,218,Springfield Gardens North,Queens,31562,11872,0.37614853304606805,9001
2026-04,Uber,16,Bayside,Queens,32256,11848,0.36731150793650796,12276
2026-04,Uber,217,South Williamsburg,Brooklyn,22810,11359,0.49798334064007016,15025
2026-04,Uber,151,Manhattan Valley,Manhattan,41137,11322,0.2752266815761966,8328
2026-04,Uber,136,Kingsbridge Heights,Bronx,41250,11220,0.272,7488
2026-04,Uber,156,Mariners Harbor,Staten Island,22539,10790,0.4787257642308887,10318
2026-04,Uber,32,Bronxdale,Bronx,38367,10644,0.2774259128938932,7086
2026-04,Uber,70,East Elmhurst,Queens,34075,10471,0.30729273661041817,8517
2026-04,Uber,160,Middle Village,Queens,34169,10444,0.30565717463197634,8154
2026-04,Uber,146,Long Island City/Queens Plaza,Queens,37061,10332,0.2787836269933353,8266
2026-04,Uber,121,Hillcrest/Pomonok,Queens,36101,9901,0.27425833079416084,7299
2026-04,Uber,88,Financial District South,Manhattan,41161,9500,0.23080100094749884,6987
2026-04,Uber,219,Springfield Gardens South,Queens,26500,9452,0.35667924528301886,7437
2026-04,Uber,248,West Farms/Bronx River,Bronx,39430,9399,0.2383717981232564,5922
2026-04,Uber,23,Bloomfield/Emerson Hill,Staten Island,25072,9391,0.3745612635609445,8043
2026-04,Uber,180,Ozone Park,Queens,27420,9350,0.3409919766593727,7303
2026-04,Uber,221,Stapleton,Staten Island,22547,9156,0.4060850667494567,8139
2026-04,Uber,40,Carroll Gardens,Brooklyn,33670,8923,0.26501336501336503,6755
2026-04,Uber,124,Howard Beach,Queens,24448,8704,0.35602094240837695,7019
2026-04,Uber,152,Manhattanville,Manhattan,33149,8386,0.2529789737246976,6013
2026-04,Uber,60,Crotona Park East,Bronx,35943,8163,0.22710959018445873,5121
2026-04,Uber,94,Fordham South,Bronx,35229,8160,0.23162735246529847,5102
2026-04,Uber,106,Gowanus,Brooklyn,31935,7834,0.2453107875371849,5854
2026-04,Uber,147,Longwood,Bronx,32295,7633,0.23635237652887445,4970
2026-04,Uber,108,Gravesend,Brooklyn,23657,7232,0.30570232912034495,5241
2026-04,Uber,4,Alphabet City,Manhattan,37848,7189,0.18994398647220462,4715
2026-04,Uber,222,Starrett City,Brooklyn,20125,7065,0.351055900621118,6564
2026-04,Uber,135,Kew Gardens Hills,Queens,26741,6931,0.25919000785310947,5584
2026-04,Uber,193,Queensbridge/Ravenswood,Queens,25036,6787,0.2710896309314587,5007
2026-04,Uber,53,College Point,Queens,24984,6683,0.2674911943643932,5352
2026-04,Uber,195,Red Hook,Brooklyn,29633,6456,0.21786521783147167,4654
2026-04,Uber,133,Kensington,Brooklyn,26478,6285,0.23736687060956266,4512
2026-04,Uber,45,Chinatown,Manhattan,35101,6068,0.17287256773311302,3776
2026-04,Uber,131,Jamaica Estates,Queens,24668,5957,0.24148694665153234,3921
2026-04,Uber,101,Glen Oaks,Queens,15847,5542,0.34971918975200356,5498
2026-04,Uber,122,Hollis,Queens,19681,5418,0.2752908896905645,3877
2026-04,Uber,252,Whitestone,Queens,21239,5291,0.24911719007486227,3554
2026-04,Uber,209,Seaport,Manhattan,30343,5272,0.1737468279339551,3446
2026-04,Uber,11,Bath Beach,Brooklyn,18758,5236,0.2791342360592814,3761
2026-04,Uber,38,Cambria Heights,Queens,17794,5080,0.28548949083960884,3593
2026-04,Uber,224,Stuy Town/Peter Cooper Village,Manhattan,27075,5005,0.18485687903970452,3144
2026-04,Uber,183,Pelham Bay,Bronx,21578,4796,0.22226341644267308,3119
2026-04,Uber,43,Central Park,Manhattan,23877,4426,0.1853666708547975,2853
2026-04,Uber,150,Manhattan Beach,Brooklyn,16285,4394,0.2698188517040221,2998
2026-04,Uber,73,East Flushing,Queens,16688,4324,0.25910834132310645,3419
2026-04,Uber,118,Heartland Village/Todt Hill,Staten Island,16089,4139,0.25725651065945676,2746
2026-04,Uber,257,Windsor Terrace,Brooklyn,20277,4121,0.2032351925827292,3016
2026-04,Uber,178,Ocean Parkway South,Brooklyn,14479,4040,0.279024794530009,3186
2026-04,Uber,19,Bellerose,Queens,14508,4003,0.27591673559415497,3158
2026-04,Uber,192,Queensboro Hill,Queens,20634,3986,0.1931763109431036,3068
2026-04,Uber,245,West Brighton,Staten Island,12904,3744,0.2901425914445133,2773
2026-04,Uber,24,Bloomingdale,Manhattan,20851,3716,0.1782168720924656,2539
2026-04,Uber,52,Cobble Hill,Brooklyn,22511,3510,0.15592377060103949,2118
2026-04,Uber,187,Port Richmond,Staten Island,12079,3480,0.28810331981124265,2286
2026-04,Uber,115,Grymes Hill/Clifton,Staten Island,12917,3458,0.2677092204072153,2356
2026-04,Uber,251,Westerleigh,Staten Island,13388,3325,0.24835673737675532,2132
2026-04,Uber,240,Van Cortlandt Park,Bronx,11543,3201,0.2773109243697479,2666
2026-04,Uber,153,Marble Hill,Manhattan,15231,3191,0.20950692666272733,1946
2026-04,Uber,214,South Beach/Dongan Hills,Staten Island,13684,2993,0.21872259573224204,1915
2026-04,Uber,109,Great Kills,Staten Island,11628,2963,0.25481596147230823,2061
2026-04,Uber,201,Rockaway Park,Queens,9964,2675,0.26846647932557205,2049
2026-04,Uber,64,Douglaston,Queens,10916,2596,0.23781604983510443,1834
2026-04,Uber,9,Auburndale,Queens,13993,2508,0.17923247337954692,1632
2026-04,Uber,15,Bay Terrace/Fort Totten,Queens,11828,2210,0.18684477510990868,1455
2026-04,Uber,172,New Dorp/Midland Beach,Staten Island,10562,2193,0.20763113046771445,1420
2026-04,Uber,175,Oakland Gardens,Queens,12405,2192,0.17670294236195083,1537
2026-04,Uber,44,Charleston/Tottenville,Staten Island,7671,2048,0.2669795333072611,1488
2026-04,Uber,98,Fresh Meadows,Queens,14802,1937,0.13086069450074314,1116
2026-04,Uber,34,Brooklyn Navy Yard,Brooklyn,11592,1785,0.1539855072463768,1423
2026-04,Uber,93,Flushing Meadows-Corona Park,Queens,9870,1671,0.16930091185410334,1724
2026-04,Uber,190,Prospect Park,Brooklyn,9794,1465,0.1495813763528691,1007
2026-04,Uber,84,Eltingville/Annadale/Prince's Bay,Staten Island,7813,1424,0.18226033533853833,832
2026-04,Uber,6,Arrochar/Fort Wadsworth,Staten Island,8863,1251,0.14114859528376397,697
2026-04,Uber,202,Roosevelt Island,Manhattan,9332,842,0.09022717531075868,482
2026-04,Uber,31,Bronx Park,Bronx,7862,827,0.10518951920630883,533
2026-04,Uber,176,Oakwood,Staten Island,5608,611,0.10895149786019971,340
2026-04,Uber,58,Country Club,Bronx,5791,590,0.1018822310481782,338
2026-04,Uber,204,Rossville/Woodrow,Staten Island,4632,571,0.12327288428324698,322
2026-04,Uber,54,Columbia Street,Brooklyn,8030,567,0.07061021170610211,330
2026-04,Uber,5,Arden Heights,Staten Island,4902,566,0.11546307629538964,312
2026-04,Uber,184,Pelham Bay Park,Bronx,3707,275,0.07418397626112759,228
2026-04,Uber,194,Randalls Island,Manhattan,3183,240,0.07540056550424128,135
2026-04,Uber,128,Inwood Hill Park,Manhattan,4291,239,0.055697972500582615,133
2026-04,Uber,57,Corona,Queens,4036,222,0.055004955401387515,118
2026-04,Uber,46,City Island,Bronx,3557,140,0.03935901040202418,74
2026-04,Uber,96,Forest Park/Highland Park,Queens,2385,79,0.03312368972746331,49
2026-04,Uber,12,Battery Park,Manhattan,1705,68,0.03988269794721408,44
2026-04,Uber,30,Broad Channel,Queens,951,60,0.06309148264984227,33
2026-04,Uber,154,Marine Park/Floyd Bennett Field,Brooklyn,1250,33,0.0264,18
2026-04,Uber,120,Highbridge Park,Manhattan,1531,30,0.019595035924232528,15
2026-04,Uber,59,Crotona Park,Bronx,1698,28,0.016489988221436984,14
2026-04,Uber,265,Outside of NYC,N/A,746,24,0.032171581769437,12
2026-04,Uber,99,Freshkills Park,Staten Island,600,18,0.03,9
2026-04,Uber,111,Green-Wood Cemetery,Brooklyn,577,16,0.02772963604852686,8
2026-04,Uber,8,Astoria Park,Queens,622,12,0.01929260450160772,6
2026-04,Uber,27,Breezy Point/Fort Tilden/Riis Beach,Queens,678,10,0.014749262536873156,5
2026-04,Uber,253,Willets Point,Queens,595,8,0.013445378151260505,4
2026-04,Uber,207,Saint Michaels Cemetery/Woodside,Queens,744,6,0.008064516129032258,3
2026-04,Uber,105,Governor's Island/Ellis Island/Liberty Island,Manhattan,1,0,0.0,0
2026-04,Uber,110,Great Kills Park,Staten Island,35,0,0.0,0
2026-04,Uber,2,Jamaica Bay,Queens,32,0,0.0,0
2026-04,Uber,1,Newark Airport,EWR,2,0,0.0,0
2026-05,Lyft,138,LaGuardia Airport,Queens,158500,76679,0.48377917981072555,136333
2026-05,Lyft,76,East New York,Brooklyn,82205,47523,0.5781035216835959,125338
2026-05,Lyft,61,Crown Heights North,Brooklyn,89709,42765,0.4767080226064275,45294
2026-05,Lyft,132,JFK Airport,Queens,104878,39322,0.3749308720608707,83082
2026-05,Lyft,37,Bushwick South,Brooklyn,79399,34992,0.4407108401869041,35211
2026-05,Lyft,181,Park Slope,Brooklyn,80894,33800,0.41783074146413823,34986
2026-05,Lyft,112,Greenpoint,Brooklyn,76075,31854,0.41871837002957607,33692
2026-05,Lyft,255,Williamsburg (North Side),Brooklyn,74205,30854,0.4157940839566067,31104
2026-05,Lyft,7,Astoria,Queens,72062,29938,0.4154478088312842,30607
2026-05,Lyft,42,Central Harlem North,Manhattan,68977,27888,0.4043086826043464,26928
2026-05,Lyft,39,Canarsie,Brooklyn,49661,27291,0.5495459213467309,45271
2026-05,Lyft,145,Long Island City/Hunters Point,Queens,67586,25674,0.3798715710354215,25244
2026-05,Lyft,130,Jamaica,Queens,59819,25185,0.4210200772329862,23585
2026-05,Lyft,36,Bushwick North,Brooklyn,56951,23643,0.41514635388316273,24273
2026-05,Lyft,79,East Village,Manhattan,71835,23015,0.32038699798148534,19319
2026-05,Lyft,230,Times Sq/Theatre District,Manhattan,60723,21751,0.3582003524200056,24307
2026-05,Lyft,225,Stuyvesant Heights,Brooklyn,56440,21664,0.3838412473423104,18186
2026-05,Lyft,129,Jackson Heights,Queens,55004,21252,0.38637190022543816,20159
2026-05,Lyft,256,Williamsburg (South Side),Brooklyn,62196,21026,0.3380603254228568,17602
2026-05,Lyft,17,Bedford,Brooklyn,54771,20600,0.376111445838126,16577
2026-05,Lyft,80,East Williamsburg,Brooklyn,56460,20541,0.36381509032943676,18057
2026-05,Lyft,246,West Chelsea/Hudson Yards,Manhattan,62141,19938,0.32085096795996204,16401
2026-05,Lyft,216,South Ozone Park,Queens,44826,19756,0.440726364163655,21368
2026-05,Lyft,68,East Chelsea,Manhattan,62526,18973,0.30344176822441865,16778
2026-05,Lyft,89,Flatbush/Ditmas Park,Brooklyn,54630,18905,0.3460552809811459,15838
2026-05,Lyft,148,Lower East Side,Manhattan,63412,18694,0.2948022456317416,15777
2026-05,Lyft,231,TriBeCa/Civic Center,Manhattan,63216,18556,0.29353328271323714,13972
2026-05,Lyft,95,Forest Hills,Queens,51614,18258,0.3537412329987988,20595
2026-05,Lyft,244,Washington Heights South,Manhattan,56368,18228,0.323374964518876,14835
2026-05,Lyft,41,Central Harlem,Manhattan,50694,17890,0.35290172406990966,15395
2026-05,Lyft,74,East Harlem North,Manhattan,55171,17647,0.31986007141433,14219
2026-05,Lyft,14,Bay Ridge,Brooklyn,39448,17423,0.4416700466436828,23847
2026-05,Lyft,48,Clinton East,Manhattan,58701,17390,0.2962470826732083,16477
2026-05,Lyft,35,Brownsville,Brooklyn,39754,16645,0.4187000050309403,15158
2026-05,Lyft,82,Elmhurst,Queens,49798,16457,0.33047511948271013,12581
2026-05,Lyft,161,Midtown Center,Manhattan,54861,16151,0.29439857093381455,15999
2026-05,Lyft,188,Prospect-Lefferts Gardens,Brooklyn,48389,16099,0.33269958048316767,12360
2026-05,Lyft,164,Midtown South,Manhattan,55353,16049,0.28993911802431666,13892
2026-05,Lyft,249,West Village,Manhattan,51756,15608,0.3015689002241286,12651
2026-05,Lyft,226,Sunnyside,Queens,49775,15477,0.31093922651933703,12521
2026-05,Lyft,198,Ridgewood,Queens,45978,15402,0.33498629779459743,12404
2026-05,Lyft,234,Union Sq,Manhattan,54419,15039,0.2763556845954538,11961
2026-05,Lyft,223,Steinway,Queens,39019,14548,0.3728439990773726,14792
2026-05,Lyft,168,Mott Haven/Port Morris,Bronx,49971,14289,0.28594584859218347,10962
2026-05,Lyft,26,Borough Park,Brooklyn,29786,14211,0.47710333713825287,27128
2026-05,Lyft,97,Fort Greene,Brooklyn,49715,13980,0.28120285628080055,9664
2026-05,Lyft,228,Sunset Park West,Brooklyn,40985,13815,0.3370745394656582,11836
2026-05,Lyft,254,Williamsbridge/Olinville,Bronx,37256,13760,0.36933648271419367,11342
2026-05,Lyft,205,Saint Albans,Queens,32593,13177,0.4042892645660111,11306
2026-05,Lyft,49,Clinton Hill,Brooklyn,44302,11893,0.268452891517313,7949
2026-05,Lyft,170,Murray Hill,Manhattan,48992,11860,0.24208033964728937,8768
2026-05,Lyft,91,Flatlands,Brooklyn,32836,11532,0.3511999025459861,8961
2026-05,Lyft,213,Soundview/Castle Hill,Bronx,37540,11438,0.30468833244539156,8722
2026-05,Lyft,25,Boerum Hill,Brooklyn,44063,10629,0.2412227946349545,7103
2026-05,Lyft,72,East Flatbush/Remsen Village,Brooklyn,31178,10555,0.3385399961511322,7600
2026-05,Lyft,247,West Concourse,Bronx,39443,10278,0.26057855639783994,7510
2026-05,Lyft,243,Washington Heights North,Manhattan,38205,10227,0.26768747546132704,7817
2026-05,Lyft,259,Woodlawn/Wakefield,Bronx,25647,10208,0.3980192615120677,9186
2026-05,Lyft,197,Richmond Hill,Queens,31563,10162,0.32195925609099263,7842
2026-05,Lyft,237,Upper East Side South,Manhattan,45217,9775,0.21617975540172943,6433
2026-05,Lyft,51,Co-Op City,Bronx,30002,9703,0.3234117725484968,7140
2026-05,Lyft,163,Midtown North,Manhattan,40906,9567,0.2338776707573461,7389
2026-05,Lyft,75,East Harlem South,Manhattan,41975,9430,0.22465753424657534,6614
2026-05,Lyft,142,Lincoln Square East,Manhattan,40157,9257,0.23052020818288219,6395
2026-05,Lyft,215,South Jamaica,Queens,24597,9168,0.37272838150994025,9120
2026-05,Lyft,162,Midtown East,Manhattan,40862,9146,0.22382653810386177,7009
2026-05,Lyft,236,Upper East Side North,Manhattan,40282,8982,0.2229780050642967,5686
2026-05,Lyft,239,Upper West Side South,Manhattan,38298,8948,0.23364144341741083,5668
2026-05,Lyft,107,Gramercy,Manhattan,40665,8582,0.21104143612443133,5619
2026-05,Lyft,220,Spuyten Duyvil/Kingsbridge,Bronx,28417,8514,0.29960938874617304,6289
2026-05,Lyft,69,East Concourse/Concourse Village,Bronx,35825,8498,0.23720865317515702,5525
2026-05,Lyft,260,Woodside,Queens,32803,8448,0.2575374203578941,5864
2026-05,Lyft,159,Melrose South,Bronx,33087,8355,0.25251609393417357,5595
2026-05,Lyft,87,Financial District North,Manhattan,38242,8337,0.21800638041943413,5641
2026-05,Lyft,10,Baisley Park,Queens,25451,8294,0.32588110486817806,6328
2026-05,Lyft,144,Little Italy/NoLiTa,Manhattan,39880,8191,0.2053911735205617,5378
2026-05,Lyft,174,Norwood,Bronx,31889,8044,0.2522499921603061,5317
2026-05,Lyft,86,Far Rockaway,Queens,15674,8042,0.5130789843052188,7601
2026-05,Lyft,92,Flushing,Queens,34368,7972,0.23195996275605213,5399
2026-05,Lyft,177,Ocean Hill,Brooklyn,29144,7907,0.27130798792204225,5292
2026-05,Lyft,90,Flatiron,Manhattan,35921,7807,0.2173380473817544,5177
2026-05,Lyft,141,Lenox Hill West,Manhattan,38352,7783,0.20293596161869004,4983
2026-05,Lyft,191,Queens Village,Queens,22819,7703,0.33756956921863357,6585
2026-05,Lyft,71,East Flatbush/Farragut,Brooklyn,26663,7685,0.2882271312305442,5245
2026-05,Lyft,158,Meatpacking/West Village West,Manhattan,34357,7645,0.2225165177401985,5230
2026-05,Lyft,114,Greenwich Village South,Manhattan,34373,7575,0.2203764582666628,5726
2026-05,Lyft,116,Hamilton Heights,Manhattan,31815,7448,0.2341034103410341,5001
2026-05,Lyft,186,Penn Station/Madison Sq West,Manhattan,33670,7360,0.21859221859221858,7568
2026-05,Lyft,206,Saint George/New Brighton,Staten Island,16744,7338,0.43824653607262304,7165
2026-05,Lyft,18,Bedford Park,Bronx,32858,7173,0.2183030007912837,4452
2026-05,Lyft,127,Inwood,Manhattan,30449,6976,0.22910440408552005,6775
2026-05,Lyft,166,Morningside Heights,Manhattan,30464,6965,0.22863051470588236,4877
2026-05,Lyft,33,Brooklyn Heights,Brooklyn,36702,6905,0.1881368862732276,4162
2026-05,Lyft,179,Old Astoria,Queens,27341,6895,0.2521853626421857,5066
2026-05,Lyft,55,Coney Island,Brooklyn,19970,6746,0.33780671006509766,6053
2026-05,Lyft,242,Van Nest/Morris Park,Bronx,28760,6710,0.23331015299026425,4401
2026-05,Lyft,143,Lincoln Square West,Manhattan,31248,6694,0.21422171018945213,4139
2026-05,Lyft,210,Sheepshead Bay,Brooklyn,21527,6618,0.30742788126538767,4869
2026-05,Lyft,81,Eastchester,Bronx,21384,6569,0.3071922933034044,4602
2026-05,Lyft,78,East Tremont,Bronx,32793,6562,0.20010368066355624,4068
2026-05,Lyft,169,Mount Hope,Bronx,31182,6513,0.20887050221281508,3944
2026-05,Lyft,22,Bensonhurst West,Brooklyn,22730,6485,0.285305763308403,4607
2026-05,Lyft,157,Maspeth,Queens,28044,6373,0.22725003565825133,4411
2026-05,Lyft,229,Sutton Place/Turtle Bay North,Manhattan,34035,6338,0.18622006757749376,3962
2026-05,Lyft,140,Lenox Hill East,Manhattan,37647,6185,0.16428931920206125,3692
2026-05,Lyft,100,Garment District,Manhattan,29045,6166,0.21229127216388363,5546
2026-05,Lyft,208,Schuylerville/Edgewater Park,Bronx,25930,6138,0.23671423062090244,4513
2026-05,Lyft,65,Downtown Brooklyn/MetroTech,Brooklyn,33681,6075,0.1803687538968558,3711
2026-05,Lyft,238,Upper West Side North,Manhattan,30489,5979,0.1961035127423005,3733
2026-05,Lyft,189,Prospect Heights,Brooklyn,28050,5916,0.2109090909090909,3805
2026-05,Lyft,211,SoHo,Manhattan,30403,5863,0.19284281156464822,3775
2026-05,Lyft,263,Yorkville West,Manhattan,33076,5828,0.17620026605393638,3633
2026-05,Lyft,50,Clinton West,Manhattan,31406,5729,0.18241737247659684,3546
2026-05,Lyft,113,Greenwich Village North,Manhattan,31285,5464,0.17465238932395716,3450
2026-05,Lyft,235,University Heights/Morris Heights,Bronx,29276,5379,0.18373411668260692,3250
2026-05,Lyft,77,East New York/Pennsylvania Avenue,Brooklyn,19606,5321,0.27139651127205955,3970
2026-05,Lyft,167,Morrisania/Melrose,Bronx,26838,5256,0.19584171696847752,3354
2026-05,Lyft,233,UN/Turtle Bay South,Manhattan,30110,5225,0.17353038857522418,3249
2026-05,Lyft,62,Crown Heights South,Brooklyn,23862,5081,0.21293269633727266,3278
2026-05,Lyft,203,Rosedale,Queens,14209,5041,0.3547751425153072,4159
2026-05,Lyft,241,Van Cortlandt Village,Bronx,25347,5028,0.19836667061190674,3023
2026-05,Lyft,63,Cypress Hills,Brooklyn,21083,4917,0.23322107859412797,3465
2026-05,Lyft,126,Hunts Point,Bronx,24479,4806,0.1963315494914008,3131
2026-05,Lyft,85,Erasmus,Brooklyn,21318,4591,0.21535791350032837,2938
2026-05,Lyft,123,Homecrest,Brooklyn,18605,4585,0.24643912926632625,2997
2026-05,Lyft,119,Highbridge,Bronx,24741,4476,0.18091427185643263,2873
2026-05,Lyft,165,Midwood,Brooklyn,19380,4389,0.22647058823529412,2829
2026-05,Lyft,258,Woodhaven,Queens,21949,4334,0.1974577429495649,2788
2026-05,Lyft,139,Laurelton,Queens,15520,4165,0.26836340206185566,2852
2026-05,Lyft,155,Marine Park/Mill Basin,Brooklyn,17580,4058,0.23083048919226393,2607
2026-05,Lyft,117,Hammels/Arverne,Queens,10834,4057,0.3744692634299428,3027
2026-05,Lyft,185,Pelham Parkway,Bronx,22812,4051,0.1775819743994389,2461
2026-05,Lyft,47,Claremont/Bathgate,Bronx,24155,4046,0.16750155247360796,2432
2026-05,Lyft,56,Corona,Queens,20764,3982,0.1917742246195338,2629
2026-05,Lyft,66,DUMBO/Vinegar Hill,Brooklyn,27237,3977,0.14601461247567646,2251
2026-05,Lyft,218,Springfield Gardens North,Queens,17049,3957,0.23209572408938942,2465
2026-05,Lyft,13,Battery Park City,Manhattan,23063,3815,0.1654164679356545,2273
2026-05,Lyft,106,Gowanus,Brooklyn,20399,3803,0.18643070738761705,2461
2026-05,Lyft,3,Allerton/Pelham Gardens,Bronx,17424,3730,0.21407254361799816,2382
2026-05,Lyft,137,Kips Bay,Manhattan,29346,3700,0.12608191917126696,2198
2026-05,Lyft,21,Bensonhurst East,Brooklyn,17438,3679,0.21097602936116527,2239
2026-05,Lyft,262,Yorkville East,Manhattan,23023,3591,0.1559744603222864,2136
2026-05,Lyft,156,Mariners Harbor,Staten Island,10649,3564,0.3346793126115128,2619
2026-05,Lyft,212,Soundview/Bruckner,Bronx,20675,3517,0.17010882708585248,2197
2026-05,Lyft,200,Riverdale/North Riverdale/Fieldston,Bronx,15603,3507,0.22476446837146702,2349
2026-05,Lyft,196,Rego Park,Queens,19054,3494,0.1833735698540989,2328
2026-05,Lyft,227,Sunset Park East,Brooklyn,16206,3487,0.2151672220165371,2305
2026-05,Lyft,102,Glendale,Queens,17719,3476,0.1961735989615667,2338
2026-05,Lyft,149,Madison,Brooklyn,15762,3476,0.22053038954447404,2208
2026-05,Lyft,40,Carroll Gardens,Brooklyn,20593,3443,0.16719273539552276,2118
2026-05,Lyft,70,East Elmhurst,Queens,18867,3210,0.17013833677850215,1978
2026-05,Lyft,232,Two Bridges/Seward Park,Manhattan,27413,3194,0.11651406267099551,1761
2026-05,Lyft,20,Belmont,Bronx,21586,3129,0.144955063467062,1801
2026-05,Lyft,83,Elmhurst/Maspeth,Queens,16877,3063,0.18148960123244653,2076
2026-05,Lyft,219,Springfield Gardens South,Queens,13967,3041,0.21772750053698003,1974
2026-05,Lyft,28,Briarwood/Jamaica Hills,Queens,17176,3003,0.17483698183511878,1961
2026-05,Lyft,221,Stapleton,Staten Island,10565,2941,0.2783719829626124,1999
2026-05,Lyft,29,Brighton Beach,Brooklyn,13526,2909,0.2150672778352802,1793
2026-05,Lyft,173,North Corona,Queens,16994,2884,0.16970695539602212,1792
2026-05,Lyft,134,Kew Gardens,Queens,16555,2873,0.173542736333434,1771
2026-05,Lyft,16,Bayside,Queens,14246,2850,0.2000561561139969,1989
2026-05,Lyft,32,Bronxdale,Bronx,18301,2784,0.15212283481776953,1629
2026-05,Lyft,146,Long Island City/Queens Plaza,Queens,18294,2755,0.15059582376735542,1709
2026-05,Lyft,250,Westchester Village/Unionport,Bronx,17937,2747,0.15314712605229414,1634
2026-05,Lyft,182,Parkchester,Bronx,18292,2735,0.1495189153728406,1584
2026-05,Lyft,125,Hudson Sq,Manhattan,19163,2602,0.13578249752126495,1557
2026-05,Lyft,261,World Trade Center,Manhattan,19187,2535,0.1321207067285141,1783
2026-05,Lyft,217,South Williamsburg,Brooklyn,10047,2533,0.2521150592216582,1825
2026-05,Lyft,67,Dyker Heights,Brooklyn,11867,2457,0.20704474593410296,1615
2026-05,Lyft,23,Bloomfield/Emerson Hill,Staten Island,10469,2345,0.22399465087400897,1520
2026-05,Lyft,160,Middle Village,Queens,15793,2337,0.14797695181409484,1396
2026-05,Lyft,152,Manhattanville,Manhattan,16211,2318,0.14298932823391525,1400
2026-05,Lyft,180,Ozone Park,Queens,12500,2318,0.18544,1385
2026-05,Lyft,121,Hillcrest/Pomonok,Queens,15956,2298,0.14402105790925043,1351
2026-05,Lyft,60,Crotona Park East,Bronx,16787,2252,0.13415142669923155,1262
2026-05,Lyft,151,Manhattan Valley,Manhattan,17007,2228,0.13100488034338803,1294
2026-05,Lyft,195,Red Hook,Brooklyn,16836,2198,0.1305535756711808,1323
2026-05,Lyft,257,Windsor Terrace,Brooklyn,14090,2171,0.15408090844570618,1394
2026-05,Lyft,171,Murray Hill-Queens,Queens,13191,2165,0.16412705632628308,1335
2026-05,Lyft,88,Financial District South,Manhattan,17643,2076,0.11766706342458766,1261
2026-05,Lyft,248,West Farms/Bronx River,Bronx,17971,2035,0.11323799454676979,1133
2026-05,Lyft,135,Kew Gardens Hills,Queens,12993,1958,0.150696528900177,1299
2026-05,Lyft,124,Howard Beach,Queens,10896,1957,0.1796071953010279,1190
2026-05,Lyft,136,Kingsbridge Heights,Bronx,16637,1929,0.11594638456452486,1069
2026-05,Lyft,193,Queensbridge/Ravenswood,Queens,12453,1896,0.15225246928450975,1154
2026-05,Lyft,133,Kensington,Brooklyn,13577,1763,0.12985195551299994,1025
2026-05,Lyft,222,Starrett City,Brooklyn,8561,1707,0.1993925943230931,1133
2026-05,Lyft,147,Longwood,Bronx,14844,1698,0.11438965238480193,976
2026-05,Lyft,38,Cambria Heights,Queens,9449,1692,0.1790665678907821,1035
2026-05,Lyft,108,Gravesend,Brooklyn,9839,1559,0.1584510620998069,916
2026-05,Lyft,45,Chinatown,Manhattan,17173,1554,0.09049088685727595,856
2026-05,Lyft,122,Hollis,Queens,9552,1534,0.16059463986599665,892
2026-05,Lyft,94,Fordham South,Bronx,14191,1398,0.0985131421323374,763
2026-05,Lyft,131,Jamaica Estates,Queens,11279,1370,0.12146466885362177,798
2026-05,Lyft,4,Alphabet City,Manhattan,15932,1346,0.08448405724328396,733
2026-05,Lyft,52,Cobble Hill,Brooklyn,13163,1345,0.10218035402263921,769
2026-05,Lyft,53,College Point,Queens,10238,1268,0.12385231490525493,720
2026-05,Lyft,118,Heartland Village/Todt Hill,Staten Island,7455,1203,0.1613682092555332,724
2026-05,Lyft,183,Pelham Bay,Bronx,10342,1173,0.11342100174047573,668
2026-05,Lyft,209,Seaport,Manhattan,14058,1170,0.08322663252240717,649
2026-05,Lyft,101,Glen Oaks,Queens,6222,1116,0.17936354869816779,728
2026-05,Lyft,245,West Brighton,Staten Island,5809,1098,0.18901704252022725,659
2026-05,Lyft,115,Grymes Hill/Clifton,Staten Island,6185,1062,0.17170573969280517,648
2026-05,Lyft,252,Whitestone,Queens,8865,977,0.1102086858432036,550
2026-05,Lyft,224,Stuy Town/Peter Cooper Village,Manhattan,11851,960,0.08100582229347734,517
2026-05,Lyft,19,Bellerose,Queens,6294,949,0.1507785192246584,593
2026-05,Lyft,11,Bath Beach,Brooklyn,7580,931,0.12282321899736148,540
2026-05,Lyft,214,South Beach/Dongan Hills,Staten Island,6241,922,0.14773273513859958,536
2026-05,Lyft,240,Van Cortlandt Park,Bronx,5539,914,0.16501173497021124,575
2026-05,Lyft,150,Manhattan Beach,Brooklyn,7001,904,0.12912441079845735,503
2026-05,Lyft,93,Flushing Meadows-Corona Park,Queens,6347,849,0.13376398298408698,945
2026-05,Lyft,187,Port Richmond,Staten Island,5589,835,0.1494006083378064,460
2026-05,Lyft,34,Brooklyn Navy Yard,Brooklyn,6624,782,0.11805555555555555,571
2026-05,Lyft,24,Bloomingdale,Manhattan,9434,762,0.08077167691329235,415
2026-05,Lyft,251,Westerleigh,Staten Island,5832,730,0.12517146776406035,391
2026-05,Lyft,201,Rockaway Park,Queens,4145,725,0.17490952955367914,499
2026-05,Lyft,43,Central Park,Manhattan,8746,700,0.08003658815458495,416
2026-05,Lyft,192,Queensboro Hill,Queens,9182,663,0.07220649096057503,351
2026-05,Lyft,178,Ocean Parkway South,Brooklyn,6040,651,0.10778145695364238,375
2026-05,Lyft,73,East Flushing,Queens,6341,570,0.08989118435577985,325
2026-05,Lyft,153,Marble Hill,Manhattan,6346,527,0.08304443744090766,280
2026-05,Lyft,109,Great Kills,Staten Island,4598,517,0.11244019138755981,300
2026-05,Lyft,172,New Dorp/Midland Beach,Staten Island,4550,501,0.11010989010989011,288
2026-05,Lyft,175,Oakland Gardens,Queens,5542,496,0.08949837603753158,291
2026-05,Lyft,9,Auburndale,Queens,6234,469,0.07523259544433751,261
2026-05,Lyft,207,Saint Michaels Cemetery/Woodside,Queens,3080,462,0.15,307
2026-05,Lyft,98,Fresh Meadows,Queens,6972,459,0.06583476764199656,234
2026-05,Lyft,64,Douglaston,Queens,4334,397,0.09160129210890632,240
2026-05,Lyft,190,Prospect Park,Brooklyn,4981,373,0.07488456133306565,203
2026-05,Lyft,6,Arrochar/Fort Wadsworth,Staten Island,4273,350,0.08190966534051018,184
2026-05,Lyft,15,Bay Terrace/Fort Totten,Queens,4929,337,0.06837086630148104,179
2026-05,Lyft,44,Charleston/Tottenville,Staten Island,2669,310,0.11614837017609592,174
2026-05,Lyft,54,Columbia Street,Brooklyn,4937,221,0.044764026736884746,115
2026-05,Lyft,202,Roosevelt Island,Manhattan,4116,198,0.048104956268221574,109
2026-05,Lyft,84,Eltingville/Annadale/Prince's Bay,Staten Island,2943,196,0.06659870880054367,101
2026-05,Lyft,176,Oakwood,Staten Island,2280,127,0.05570175438596491,65
2026-05,Lyft,58,Country Club,Bronx,2408,98,0.040697674418604654,49
2026-05,Lyft,31,Bronx Park,Bronx,2691,95,0.03530286138981791,52
2026-05,Lyft,184,Pelham Bay Park,Bronx,2081,85,0.04084574723690534,44
2026-05,Lyft,204,Rossville/Woodrow,Staten Island,1665,76,0.04564564564564565,38
2026-05,Lyft,5,Arden Heights,Staten Island,1752,64,0.0365296803652968,32
2026-05,Lyft,194,Randalls Island,Manhattan,1961,55,0.02804691483936767,29
2026-05,Lyft,46,City Island,Bronx,1801,50,0.0277623542476402,25
2026-05,Lyft,57,Corona,Queens,1807,48,0.026563364692861097,24
2026-05,Lyft,128,Inwood Hill Park,Manhattan,2237,44,0.019669199821189094,22
2026-05,Lyft,12,Battery Park,Manhattan,741,16,0.021592442645074223,8
2026-05,Lyft,154,Marine Park/Floyd Bennett Field,Brooklyn,678,16,0.02359882005899705,8
2026-05,Lyft,8,Astoria Park,Queens,387,14,0.03617571059431524,7
2026-05,Lyft,96,Forest Park/Highland Park,Queens,1263,12,0.009501187648456057,6
2026-05,Lyft,30,Broad Channel,Queens,397,9,0.022670025188916875,6
2026-05,Lyft,27,Breezy Point/Fort Tilden/Riis Beach,Queens,394,8,0.02030456852791878,4
2026-05,Lyft,111,Green-Wood Cemetery,Brooklyn,375,8,0.021333333333333333,4
2026-05,Lyft,59,Crotona Park,Bronx,840,6,0.007142857142857143,3
2026-05,Lyft,120,Highbridge Park,Manhattan,640,6,0.009375,3
2026-05,Lyft,99,Freshkills Park,Staten Island,239,4,0.016736401673640166,2
2026-05,Lyft,265,Outside of NYC,N/A,368,2,0.005434782608695652,1
2026-05,Lyft,253,Willets Point,Queens,299,2,0.006688963210702341,1
2026-05,Lyft,105,Governor's Island/Ellis Island/Liberty Island,Manhattan,3,0,0.0,0
2026-05,Lyft,110,Great Kills Park,Staten Island,16,0,0.0,0
2026-05,Lyft,2,Jamaica Bay,Queens,21,0,0.0,0
2026-05,Lyft,199,Rikers Island,Bronx,9,0,0.0,0
2026-05,Uber,138,LaGuardia Airport,Queens,282927,178713,0.6316576360686679,479827
2026-05,Uber,132,JFK Airport,Queens,248744,128120,0.5150677001254301,437783
2026-05,Uber,61,Crown Heights North,Brooklyn,185578,117877,0.6351884382847105,185296
2026-05,Uber,161,Midtown Center,Manhattan,190279,117005,0.6149128385160738,239873
2026-05,Uber,76,East New York,Brooklyn,164696,113072,0.6865497644144363,496024
2026-05,Uber,230,Times Sq/Theatre District,Manhattan,184152,109717,0.5957958642860246,222848
2026-05,Uber,37,Bushwick South,Brooklyn,165416,96471,0.5832023504376844,150021
2026-05,Uber,79,East Village,Manhattan,177501,94913,0.534718114264145,112310
2026-05,Uber,246,West Chelsea/Hudson Yards,Manhattan,162110,93675,0.5778483745604837,130515
2026-05,Uber,231,TriBeCa/Civic Center,Manhattan,166271,91634,0.5511123406968143,108364
2026-05,Uber,255,Williamsburg (North Side),Brooklyn,146802,82873,0.5645222817127832,130937
2026-05,Uber,234,Union Sq,Manhattan,153221,81419,0.5313827739017497,97471
2026-05,Uber,68,East Chelsea,Manhattan,153709,80874,0.5261500627809692,118688
2026-05,Uber,7,Astoria,Queens,139412,78565,0.5635454623705276,131843
2026-05,Uber,112,Greenpoint,Brooklyn,140225,78481,0.5596790871813158,135237
2026-05,Uber,164,Midtown South,Manhattan,148160,75698,0.510920626349892,96761
2026-05,Uber,39,Canarsie,Brooklyn,111905,74924,0.6695321924846969,208350
2026-05,Uber,148,Lower East Side,Manhattan,152484,73952,0.4849820309016028,82336
2026-05,Uber,237,Upper East Side South,Manhattan,137758,72983,0.5297913732777769,86524
2026-05,Uber,129,Jackson Heights,Queens,122925,71619,0.5826235509456986,127102
2026-05,Uber,145,Long Island City/Hunters Point,Queens,136638,71152,0.5207336172953351,110319
2026-05,Uber,82,Elmhurst,Queens,119824,67438,0.562808786219789,90396
2026-05,Uber,130,Jamaica,Queens,117418,67215,0.5724420446609548,89457
2026-05,Uber,163,Midtown North,Manhattan,127136,66283,0.5213550843191543,86357
2026-05,Uber,249,West Village,Manhattan,129979,65949,0.5073819617015056,74993
2026-05,Uber,36,Bushwick North,Brooklyn,119720,65819,0.549774473772135,107401
2026-05,Uber,181,Park Slope,Brooklyn,127625,65528,0.5134417238001959,85755
2026-05,Uber,216,South Ozone Park,Queens,99695,62413,0.6260394202317067,124284
2026-05,Uber,42,Central Harlem North,Manhattan,121596,61879,0.5088900950689167,73064
2026-05,Uber,256,Williamsburg (South Side),Brooklyn,123023,61622,0.5008982060265154,75423
2026-05,Uber,17,Bedford,Brooklyn,113890,61558,0.5405039950829748,74513
2026-05,Uber,225,Stuyvesant Heights,Brooklyn,114608,60970,0.5319872958257713,72418
2026-05,Uber,188,Prospect-Lefferts Gardens,Brooklyn,111269,60948,0.547753642074612,74333
2026-05,Uber,89,Flatbush/Ditmas Park,Brooklyn,114670,60009,0.52331908956135,75468
2026-05,Uber,162,Midtown East,Manhattan,121940,59550,0.4883549286534361,88580
2026-05,Uber,170,Murray Hill,Manhattan,127270,59240,0.46546711715251043,63556
2026-05,Uber,48,Clinton East,Manhattan,127308,58781,0.4617227511232601,68346
2026-05,Uber,80,East Williamsburg,Brooklyn,108911,55219,0.507010311171507,68852
2026-05,Uber,236,Upper East Side North,Manhattan,110765,54783,0.49458764050015797,60959
2026-05,Uber,95,Forest Hills,Queens,104850,53499,0.5102432045779686,106538
2026-05,Uber,35,Brownsville,Brooklyn,91137,52841,0.5797974477983695,69255
2026-05,Uber,14,Bay Ridge,Brooklyn,86733,50317,0.5801367414940104,132780
2026-05,Uber,244,Washington Heights South,Manhattan,107823,49776,0.46164547452769816,54037
2026-05,Uber,198,Ridgewood,Queens,97727,48386,0.4951139398528554,60998
2026-05,Uber,26,Borough Park,Brooklyn,76569,47900,0.6255795426347478,200155
2026-05,Uber,142,Lincoln Square East,Manhattan,99833,43843,0.4391634028828143,44654
2026-05,Uber,168,Mott Haven/Port Morris,Bronx,97574,42987,0.4405579355156087,45326
2026-05,Uber,107,Gramercy,Manhattan,103471,42796,0.4136038116960308,38239
2026-05,Uber,226,Sunnyside,Queens,93033,42496,0.45678415186009264,49604
2026-05,Uber,144,Little Italy/NoLiTa,Manhattan,104084,42494,0.40826640021521077,36095
2026-05,Uber,41,Central Harlem,Manhattan,89567,41829,0.467013520604687,45083
2026-05,Uber,72,East Flatbush/Remsen Village,Brooklyn,76117,41825,0.5494830326996597,42283
2026-05,Uber,97,Fort Greene,Brooklyn,97907,41516,0.4240350536733839,37414
2026-05,Uber,90,Flatiron,Manhattan,95640,41122,0.42996654119615224,37078
2026-05,Uber,92,Flushing,Queens,87766,40496,0.4614087459836383,46663
2026-05,Uber,74,East Harlem North,Manhattan,93465,40416,0.43241855239929383,41399
2026-05,Uber,254,Williamsbridge/Olinville,Bronx,74618,40105,0.5374708515371626,46620
2026-05,Uber,239,Upper West Side South,Manhattan,89759,39399,0.43894205594982116,35367
2026-05,Uber,91,Flatlands,Brooklyn,72357,38399,0.5306881158699227,43257
2026-05,Uber,141,Lenox Hill West,Manhattan,92340,37526,0.40638943036603853,33642
2026-05,Uber,49,Clinton Hill,Brooklyn,87765,37453,0.42674186748703924,32189
2026-05,Uber,158,Meatpacking/West Village West,Manhattan,86430,37432,0.4330903621427745,33254
2026-05,Uber,228,Sunset Park West,Brooklyn,77418,37261,0.48129633935260535,47222
2026-05,Uber,87,Financial District North,Manhattan,92219,37098,0.4022815254990837,35541
2026-05,Uber,243,Washington Heights North,Manhattan,82005,35263,0.43001036522163283,38046
2026-05,Uber,223,Steinway,Queens,70700,35110,0.4966053748231966,56771
2026-05,Uber,197,Richmond Hill,Queens,67938,34702,0.5107892490211664,40651
2026-05,Uber,211,SoHo,Manhattan,85454,33988,0.3977344536241721,28381
2026-05,Uber,114,Greenwich Village South,Manhattan,86621,33809,0.39030950924140795,34324
2026-05,Uber,186,Penn Station/Madison Sq West,Manhattan,85348,33664,0.394432206964428,46442
2026-05,Uber,247,West Concourse,Bronx,78706,33330,0.42347470332630294,31352
2026-05,Uber,213,Soundview/Castle Hill,Bronx,71434,33082,0.46311280342693956,34771
2026-05,Uber,75,East Harlem South,Manhattan,88016,32530,0.36959189238320306,29589
2026-05,Uber,260,Woodside,Queens,69876,32471,0.4646946018661629,32208
2026-05,Uber,69,East Concourse/Concourse Village,Bronx,77369,32366,0.4183329240393439,27894
2026-05,Uber,71,East Flatbush/Farragut,Brooklyn,64309,32197,0.5006608717286849,31095
2026-05,Uber,205,Saint Albans,Queens,59677,31206,0.5229150258893711,36712
2026-05,Uber,113,Greenwich Village North,Manhattan,83060,30280,0.3645557428365037,23496
2026-05,Uber,51,Co-Op City,Bronx,61688,30122,0.4882959408637012,30706
2026-05,Uber,25,Boerum Hill,Brooklyn,82388,29817,0.36190950138369665,24330
2026-05,Uber,22,Bensonhurst West,Brooklyn,57607,29716,0.5158400888780877,31462
2026-05,Uber,100,Garment District,Manhattan,77715,29642,0.38141928842565787,35813
2026-05,Uber,229,Sutton Place/Turtle Bay North,Manhattan,80737,29497,0.3653467431289248,23896
2026-05,Uber,18,Bedford Park,Bronx,72115,29075,0.4031754836025792,24015
2026-05,Uber,169,Mount Hope,Bronx,74340,28979,0.3898170567662093,22070
2026-05,Uber,259,Woodlawn/Wakefield,Bronx,52884,28951,0.5474434611602753,39878
2026-05,Uber,238,Upper West Side North,Manhattan,73727,28860,0.39144411138388924,23805
2026-05,Uber,159,Melrose South,Bronx,68689,28665,0.4173157274090466,25790
2026-05,Uber,177,Ocean Hill,Brooklyn,64942,28616,0.44063933971851804,25608
2026-05,Uber,233,UN/Turtle Bay South,Manhattan,75434,28066,0.37206034414189887,23584
2026-05,Uber,166,Morningside Heights,Manhattan,70339,27502,0.3909921949416398,25069
2026-05,Uber,210,Sheepshead Bay,Brooklyn,51677,27030,0.5230566789867833,30812
2026-05,Uber,174,Norwood,Bronx,65343,26877,0.41132179422432397,23003
2026-05,Uber,143,Lincoln Square West,Manhattan,67726,26820,0.3960074417505832,22122
2026-05,Uber,263,Yorkville West,Manhattan,74444,26161,0.3514185159314384,20724
2026-05,Uber,50,Clinton West,Manhattan,72207,25951,0.3593972883515449,22225
2026-05,Uber,220,Spuyten Duyvil/Kingsbridge,Bronx,55374,24923,0.4500848773792755,24766
2026-05,Uber,123,Homecrest,Brooklyn,48052,24535,0.5105926912511446,26336
2026-05,Uber,78,East Tremont,Bronx,67458,23775,0.352441519167482,17255
2026-05,Uber,10,Baisley Park,Queens,49532,23447,0.47337075022207864,25851
2026-05,Uber,235,University Heights/Morris Heights,Bronx,65391,23372,0.3574192167117799,17355
2026-05,Uber,116,Hamilton Heights,Manhattan,64692,23250,0.35939528844370244,18842
2026-05,Uber,33,Brooklyn Heights,Brooklyn,70820,22963,0.32424456368257554,17004
2026-05,Uber,13,Battery Park City,Manhattan,63679,22928,0.3600559054005245,20323
2026-05,Uber,140,Lenox Hill East,Manhattan,74829,22447,0.2999772815352337,16768
2026-05,Uber,241,Van Cortlandt Village,Bronx,58780,21898,0.37254168084382444,17413
2026-05,Uber,65,Downtown Brooklyn/MetroTech,Brooklyn,70128,21852,0.3116016427104723,16766
2026-05,Uber,63,Cypress Hills,Brooklyn,51140,21509,0.42059053578412203,23052
2026-05,Uber,215,South Jamaica,Queens,44937,21491,0.4782473240314218,34033
2026-05,Uber,242,Van Nest/Morris Park,Bronx,57704,21390,0.3706848745320948,16907
2026-05,Uber,86,Far Rockaway,Queens,32676,21137,0.6468662014934509,30639
2026-05,Uber,55,Coney Island,Brooklyn,44695,21098,0.47204385277995303,26950
2026-05,Uber,137,Kips Bay,Manhattan,74392,21098,0.2836057640606517,15986
2026-05,Uber,127,Inwood,Manhattan,59236,21034,0.3550881220879195,17293
2026-05,Uber,165,Midwood,Brooklyn,47296,20953,0.44301843707713123,20610
2026-05,Uber,191,Queens Village,Queens,44979,20805,0.4625491896218235,24363
2026-05,Uber,81,Eastchester,Bronx,44161,20693,0.46858087452729785,19112
2026-05,Uber,56,Corona,Queens,51017,20499,0.40180724072368035,19996
2026-05,Uber,179,Old Astoria,Queens,50575,20099,0.39740978744438954,21207
2026-05,Uber,167,Morrisania/Melrose,Bronx,56470,19784,0.35034531609704267,16288
2026-05,Uber,208,Schuylerville/Edgewater Park,Bronx,51715,19497,0.3770086048535241,20257
2026-05,Uber,62,Crown Heights South,Brooklyn,52246,19480,0.37285151016345747,17602
2026-05,Uber,258,Woodhaven,Queens,49613,18922,0.38139197387781426,16918
2026-05,Uber,85,Erasmus,Brooklyn,47968,18669,0.3891969646430954,15856
2026-05,Uber,155,Marine Park/Mill Basin,Brooklyn,42089,17956,0.4266197818907553,15943
2026-05,Uber,206,Saint George/New Brighton,Staten Island,33097,17865,0.5397770190651721,22508
2026-05,Uber,21,Bensonhurst East,Brooklyn,43131,17765,0.4118847232848763,14684
2026-05,Uber,157,Maspeth,Queens,51540,17727,0.34394644935972063,13864
2026-05,Uber,125,Hudson Sq,Manhattan,53827,17665,0.32818102439296265,13832
2026-05,Uber,149,Madison,Brooklyn,38907,17199,0.44205412907702984,15185
2026-05,Uber,227,Sunset Park East,Brooklyn,39999,16985,0.4246356158903973,16136
2026-05,Uber,173,North Corona,Queens,44626,16817,0.3768430959530319,14896
2026-05,Uber,189,Prospect Heights,Brooklyn,51159,16763,0.3276647315232901,13090
2026-05,Uber,77,East New York/Pennsylvania Avenue,Brooklyn,41053,16751,0.40803351764791856,17547
2026-05,Uber,47,Claremont/Bathgate,Bronx,50903,16633,0.3267587372060586,11952
2026-05,Uber,261,World Trade Center,Manhattan,53904,16507,0.30622959335114275,15055
2026-05,Uber,119,Highbridge,Bronx,50298,16152,0.3211260885124657,12514
2026-05,Uber,66,DUMBO/Vinegar Hill,Brooklyn,56566,15270,0.269950146731252,10329
2026-05,Uber,185,Pelham Parkway,Bronx,47372,15107,0.31890146077851894,11296
2026-05,Uber,203,Rosedale,Queens,28356,14808,0.5222175201015659,18216
2026-05,Uber,232,Two Bridges/Seward Park,Manhattan,61073,14760,0.24167799191131925,10014
2026-05,Uber,126,Hunts Point,Bronx,46443,14549,0.3132657235751351,11391
2026-05,Uber,262,Yorkville East,Manhattan,47806,14386,0.3009245701376396,10981
2026-05,Uber,102,Glendale,Queens,38103,14184,0.3722541532162822,13298
2026-05,Uber,29,Brighton Beach,Brooklyn,33318,14161,0.42502551173539826,11735
2026-05,Uber,20,Belmont,Bronx,46983,13588,0.28921099120958643,9475
2026-05,Uber,200,Riverdale/North Riverdale/Fieldston,Bronx,34049,13363,0.3924638021674645,13705
2026-05,Uber,83,Elmhurst/Maspeth,Queens,38243,13259,0.3467039719687263,11658
2026-05,Uber,196,Rego Park,Queens,39803,13258,0.33309047056754515,13092
2026-05,Uber,28,Briarwood/Jamaica Hills,Queens,39089,13062,0.3341605055130599,11996
2026-05,Uber,117,Hammels/Arverne,Queens,25351,12844,0.5066466806043154,13009
2026-05,Uber,217,South Williamsburg,Brooklyn,25397,12832,0.5052565263613813,16951
2026-05,Uber,139,Laurelton,Queens,30551,12761,0.4176950018002684,11693
2026-05,Uber,212,Soundview/Bruckner,Bronx,43444,12664,0.2915017033422337,9678
2026-05,Uber,171,Murray Hill-Queens,Queens,32969,12557,0.3808729412478389,12248
2026-05,Uber,16,Bayside,Queens,33551,12295,0.3664570355578075,12695
2026-05,Uber,67,Dyker Heights,Brooklyn,30342,12223,0.40284094654274605,11407
2026-05,Uber,3,Allerton/Pelham Gardens,Bronx,34522,11784,0.341347546492092,9072
2026-05,Uber,182,Parkchester,Bronx,40389,11598,0.28715739434004306,8219
2026-05,Uber,70,East Elmhurst,Queens,36206,11406,0.3150306579020052,9207
2026-05,Uber,134,Kew Gardens,Queens,35278,11309,0.32056805941379896,8899
2026-05,Uber,151,Manhattan Valley,Manhattan,41532,11268,0.2713088702687085,8084
2026-05,Uber,146,Long Island City/Queens Plaza,Queens,39016,11155,0.28590834529423825,8661
2026-05,Uber,250,Westchester Village/Unionport,Bronx,38189,11122,0.29123569614286837,8142
2026-05,Uber,160,Middle Village,Queens,34627,10555,0.3048199381985156,8259
2026-05,Uber,136,Kingsbridge Heights,Bronx,40127,10502,0.2617190420415182,6787
2026-05,Uber,218,Springfield Gardens North,Queens,29926,10490,0.35053131056606296,7868
2026-05,Uber,88,Financial District South,Manhattan,42073,9780,0.2324531172010553,7399
2026-05,Uber,32,Bronxdale,Bronx,36487,9748,0.26716364732644504,6504
2026-05,Uber,156,Mariners Harbor,Staten Island,21301,9555,0.4485704896483733,8691
2026-05,Uber,248,West Farms/Bronx River,Bronx,39198,9356,0.23868564722689933,5974
2026-05,Uber,40,Carroll Gardens,Brooklyn,34664,9320,0.2688668359104546,6888
2026-05,Uber,180,Ozone Park,Queens,26744,9232,0.3451989231229435,7149
2026-05,Uber,23,Bloomfield/Emerson Hill,Staten Island,24872,9168,0.3686072692183982,7807
2026-05,Uber,221,Stapleton,Staten Island,21837,8683,0.3976278792874479,7634
2026-05,Uber,121,Hillcrest/Pomonok,Queens,33177,8606,0.25939656991289145,6085
2026-05,Uber,219,Springfield Gardens South,Queens,24869,8379,0.3369254895653223,6424
2026-05,Uber,106,Gowanus,Brooklyn,32258,7834,0.24285448570897142,5860
2026-05,Uber,60,Crotona Park East,Bronx,34967,7766,0.2220951182543541,4899
2026-05,Uber,124,Howard Beach,Queens,23721,7697,0.32448041819484846,5922
2026-05,Uber,94,Fordham South,Bronx,34114,7675,0.22498094623908074,4644
2026-05,Uber,193,Queensbridge/Ravenswood,Queens,26781,7643,0.28538889511220644,5867
2026-05,Uber,152,Manhattanville,Manhattan,32354,7632,0.2358904617667058,5305
2026-05,Uber,4,Alphabet City,Manhattan,39679,7613,0.19186471433251845,4879
2026-05,Uber,135,Kew Gardens Hills,Queens,27892,7350,0.2635164204789904,5941
2026-05,Uber,147,Longwood,Bronx,31284,7298,0.2332821889783915,5116
2026-05,Uber,108,Gravesend,Brooklyn,23951,7267,0.30341113105924594,5247
2026-05,Uber,45,Chinatown,Manhattan,38311,7091,0.1850904439978074,4467
2026-05,Uber,133,Kensington,Brooklyn,27088,6988,0.2579740106320142,5024
2026-05,Uber,195,Red Hook,Brooklyn,29673,6573,0.22151450813871196,4530
2026-05,Uber,222,Starrett City,Brooklyn,19111,6560,0.3432578096384281,5938
2026-05,Uber,53,College Point,Queens,24616,6539,0.26564023399415015,4957
2026-05,Uber,209,Seaport,Manhattan,32131,5750,0.17895490336435219,3737
2026-05,Uber,131,Jamaica Estates,Queens,24334,5705,0.2344456316265308,3655
2026-05,Uber,11,Bath Beach,Brooklyn,19105,5463,0.2859460874116723,4058
2026-05,Uber,101,Glen Oaks,Queens,15234,5281,0.3466587895496915,5163
2026-05,Uber,252,Whitestone,Queens,21095,5019,0.2379236785968239,3489
2026-05,Uber,224,Stuy Town/Peter Cooper Village,Manhattan,27640,5011,0.18129522431259046,3050
2026-05,Uber,178,Ocean Parkway South,Brooklyn,16144,4981,0.30853567888999006,3788
2026-05,Uber,38,Cambria Heights,Queens,18247,4946,0.27105825615169615,3444
2026-05,Uber,150,Manhattan Beach,Brooklyn,17403,4883,0.28058380738953054,3510
2026-05,Uber,43,Central Park,Manhattan,25714,4747,0.18460760675118612,3367
2026-05,Uber,122,Hollis,Queens,18964,4738,0.24984180552626029,3242
2026-05,Uber,201,Rockaway Park,Queens,12523,4445,0.35494689770821686,4614
2026-05,Uber,183,Pelham Bay,Bronx,20925,4369,0.20879330943847074,2884
2026-05,Uber,118,Heartland Village/Todt Hill,Staten Island,16492,4242,0.25721561969439727,2839
2026-05,Uber,257,Windsor Terrace,Brooklyn,20651,4185,0.20265362452181493,2974
2026-05,Uber,73,East Flushing,Queens,16674,4148,0.24877054096197673,3093
2026-05,Uber,192,Queensboro Hill,Queens,20795,3991,0.1919211348881943,2757
2026-05,Uber,245,West Brighton,Staten Island,13237,3958,0.29901034977713986,2949
2026-05,Uber,19,Bellerose,Queens,14395,3940,0.27370614796804443,3015
2026-05,Uber,24,Bloomingdale,Manhattan,21200,3431,0.16183962264150945,2159
2026-05,Uber,52,Cobble Hill,Brooklyn,22131,3376,0.15254620215986625,2082
2026-05,Uber,187,Port Richmond,Staten Island,12110,3300,0.27250206440957886,2092
2026-05,Uber,115,Grymes Hill/Clifton,Staten Island,12659,3291,0.25997314163836005,2265
2026-05,Uber,251,Westerleigh,Staten Island,13594,3029,0.2228188906870678,1844
2026-05,Uber,109,Great Kills,Staten Island,11643,2863,0.24589882332732113,1977
2026-05,Uber,240,Van Cortlandt Park,Bronx,11573,2791,0.2411647800915925,2191
2026-05,Uber,153,Marble Hill,Manhattan,14360,2752,0.1916434540389972,1726
2026-05,Uber,9,Auburndale,Queens,14584,2739,0.1878085573230938,1755
2026-05,Uber,214,South Beach/Dongan Hills,Staten Island,13248,2693,0.20327596618357488,1765
2026-05,Uber,64,Douglaston,Queens,11075,2574,0.2324153498871332,1962
2026-05,Uber,175,Oakland Gardens,Queens,12496,2304,0.18437900128040974,1566
2026-05,Uber,44,Charleston/Tottenville,Staten Island,8053,2247,0.27902644977027197,1550
2026-05,Uber,93,Flushing Meadows-Corona Park,Queens,12113,2223,0.18352183604391975,3760
2026-05,Uber,15,Bay Terrace/Fort Totten,Queens,11804,2166,0.18349711962046764,1584
2026-05,Uber,172,New Dorp/Midland Beach,Staten Island,10509,2141,0.20373013607384147,1362
2026-05,Uber,34,Brooklyn Navy Yard,Brooklyn,13032,2127,0.16321362799263353,1746
2026-05,Uber,98,Fresh Meadows,Queens,14845,1869,0.1259009767598518,1044
2026-05,Uber,84,Eltingville/Annadale/Prince's Bay,Staten Island,8491,1813,0.213520197856554,1115
2026-05,Uber,6,Arrochar/Fort Wadsworth,Staten Island,8858,1201,0.1355836531948521,688
2026-05,Uber,190,Prospect Park,Brooklyn,9889,1187,0.12003235918697543,704
2026-05,Uber,202,Roosevelt Island,Manhattan,9465,848,0.0895932382461701,493
2026-05,Uber,5,Arden Heights,Staten Island,5171,608,0.11757880487333204,335
2026-05,Uber,176,Oakwood,Staten Island,5442,591,0.10859977949283352,324
2026-05,Uber,54,Columbia Street,Brooklyn,8161,589,0.07217252787648573,331
2026-05,Uber,58,Country Club,Bronx,5658,578,0.10215623895369388,313
2026-05,Uber,204,Rossville/Woodrow,Staten Island,4831,565,0.11695301179879942,323
2026-05,Uber,31,Bronx Park,Bronx,6277,411,0.0654771387605544,231
2026-05,Uber,184,Pelham Bay Park,Bronx,4186,351,0.08385093167701864,205
2026-05,Uber,57,Corona,Queens,4244,251,0.05914231856738925,137
2026-05,Uber,128,Inwood Hill Park,Manhattan,4156,197,0.047401347449470645,103
2026-05,Uber,194,Randalls Island,Manhattan,3417,186,0.05443371378402107,105
2026-05,Uber,46,City Island,Bronx,3648,174,0.047697368421052634,102
2026-05,Uber,30,Broad Channel,Queens,1202,158,0.1314475873544093,102
2026-05,Uber,27,Breezy Point/Fort Tilden/Riis Beach,Queens,1108,87,0.07851985559566788,45
2026-05,Uber,96,Forest Park/Highland Park,Queens,2478,74,0.02986279257465698,40
2026-05,Uber,154,Marine Park/Floyd Bennett Field,Brooklyn,1503,54,0.03592814371257485,33
2026-05,Uber,59,Crotona Park,Bronx,1977,53,0.02680829539706626,28
2026-05,Uber,12,Battery Park,Manhattan,1782,50,0.028058361391694726,29
2026-05,Uber,265,Outside of NYC,N/A,801,33,0.04119850187265917,21
2026-05,Uber,8,Astoria Park,Queens,739,28,0.037889039242219216,14
2026-05,Uber,120,Highbridge Park,Manhattan,1578,18,0.011406844106463879,9
2026-05,Uber,253,Willets Point,Queens,721,16,0.022191400832177532,8
2026-05,Uber,99,Freshkills Park,Staten Island,583,13,0.022298456260720412,8
2026-05,Uber,111,Green-Wood Cemetery,Brooklyn,770,12,0.015584415584415584,6
2026-05,Uber,207,Saint Michaels Cemetery/Woodside,Queens,774,12,0.015503875968992248,6
2026-05,Uber,2,Jamaica Bay,Queens,34,2,0.058823529411764705,1
2026-05,Uber,110,Great Kills Park,Staten Island,59,0,0.0,0
2026-05,Uber,1,Newark Airport,EWR,1,0,0.0,0
