month,service,PULocationID,DOLocationID,origin_zone,destination_zone,eligible_nonshared_trips,potentially_shareable_trips,potentially_shareable_share,candidate_trip_pairs
2026-04,Lyft,76,76,East New York,East New York,25059,24765,0.9882676882557165,87284
2026-04,Lyft,138,265,LaGuardia Airport,Outside of NYC,15697,15305,0.9750270752373065,51649
2026-04,Lyft,132,265,JFK Airport,Outside of NYC,14084,13406,0.9518602669696109,33594
2026-04,Lyft,39,39,Canarsie,Canarsie,13602,12892,0.947801793853845,27188
2026-04,Lyft,61,61,Crown Heights North,Crown Heights North,11225,10370,0.9238307349665924,17943
2026-04,Lyft,181,181,Park Slope,Park Slope,9267,8390,0.9053631164346606,15047
2026-04,Lyft,14,14,Bay Ridge,Bay Ridge,9064,8128,0.8967343336275375,13000
2026-04,Lyft,7,7,Astoria,Astoria,8604,7544,0.8768014876801488,10898
2026-04,Lyft,95,95,Forest Hills,Forest Hills,8322,7342,0.8822398461908195,10740
2026-04,Lyft,42,42,Central Harlem North,Central Harlem North,8155,7003,0.8587369711833232,9722
2026-04,Lyft,216,216,South Ozone Park,South Ozone Park,7973,6853,0.8595258999122037,9072
2026-04,Lyft,129,129,Jackson Heights,Jackson Heights,7578,6347,0.8375560833993138,7931
2026-04,Lyft,37,37,Bushwick South,Bushwick South,7469,6250,0.8367920739054759,8508
2026-04,Lyft,26,26,Borough Park,Borough Park,7008,6240,0.8904109589041096,10914
2026-04,Lyft,130,130,Jamaica,Jamaica,6808,5494,0.8069917743830788,6242
2026-04,Lyft,145,145,Long Island City/Hunters Point,Long Island City/Hunters Point,6582,5438,0.826192646611972,7152
2026-04,Lyft,230,265,Times Sq/Theatre District,Outside of NYC,6402,5277,0.8242736644798501,11966
2026-04,Lyft,255,112,Williamsburg (North Side),Greenpoint,6280,5155,0.820859872611465,8133
2026-04,Lyft,89,89,Flatbush/Ditmas Park,Flatbush/Ditmas Park,6208,4903,0.7897873711340206,5412
2026-04,Lyft,36,37,Bushwick North,Bushwick South,6139,4868,0.7929630232936961,6999
2026-04,Lyft,37,36,Bushwick South,Bushwick North,6191,4835,0.7809723792602165,5895
2026-04,Lyft,35,35,Brownsville,Brownsville,6073,4825,0.7945002469948954,5754
2026-04,Lyft,112,112,Greenpoint,Greenpoint,5998,4784,0.7975991997332444,6210
2026-04,Lyft,223,223,Steinway,Steinway,6012,4725,0.7859281437125748,5338
2026-04,Lyft,215,130,South Jamaica,Jamaica,5807,4579,0.7885310831754778,5807
2026-04,Lyft,41,42,Central Harlem,Central Harlem North,5578,4374,0.7841520258157045,4887
2026-04,Lyft,48,265,Clinton East,Outside of NYC,5528,4334,0.7840086830680174,6964
2026-04,Lyft,112,255,Greenpoint,Williamsburg (North Side),5399,4251,0.7873680311168735,6181
2026-04,Lyft,205,205,Saint Albans,Saint Albans,5466,4222,0.7724112696670326,4416
2026-04,Lyft,86,86,Far Rockaway,Far Rockaway,5290,3961,0.7487712665406427,4421
2026-04,Lyft,259,265,Woodlawn/Wakefield,Outside of NYC,5263,3893,0.739692190765723,3753
2026-04,Lyft,130,215,Jamaica,South Jamaica,5103,3795,0.7436801881246325,3923
2026-04,Lyft,42,41,Central Harlem North,Central Harlem,5084,3733,0.73426435877262,3852
2026-04,Lyft,68,265,East Chelsea,Outside of NYC,4942,3704,0.7494941319303926,5821
2026-04,Lyft,161,265,Midtown Center,Outside of NYC,4719,3693,0.782581055308328,7223
2026-04,Lyft,7,223,Astoria,Steinway,4991,3571,0.7154878781807253,3650
2026-04,Lyft,145,112,Long Island City/Hunters Point,Greenpoint,4729,3553,0.7513216324804398,4575
2026-04,Lyft,206,206,Saint George/New Brighton,Saint George/New Brighton,4893,3481,0.7114244839566728,3405
2026-04,Lyft,55,55,Coney Island,Coney Island,4892,3436,0.7023712183156173,3373
2026-04,Lyft,82,82,Elmhurst,Elmhurst,4904,3392,0.6916802610114192,3164
2026-04,Lyft,112,145,Greenpoint,Long Island City/Hunters Point,4573,3389,0.7410890006560245,3964
2026-04,Lyft,225,61,Stuyvesant Heights,Crown Heights North,4807,3331,0.6929477844809653,3233
2026-04,Lyft,164,265,Midtown South,Outside of NYC,4427,3319,0.7497176417438446,4561
2026-04,Lyft,61,225,Crown Heights North,Stuyvesant Heights,4631,3318,0.7164759231267545,3280
2026-04,Lyft,223,7,Steinway,Astoria,4517,3197,0.7077706442328979,3232
2026-04,Lyft,198,198,Ridgewood,Ridgewood,4626,3196,0.6908776480760916,2921
2026-04,Lyft,254,254,Williamsbridge/Olinville,Williamsbridge/Olinville,4602,3187,0.6925249891351586,3110
2026-04,Lyft,17,17,Bedford,Bedford,4524,3153,0.696949602122016,2946
2026-04,Lyft,168,168,Mott Haven/Port Morris,Mott Haven/Port Morris,4452,3135,0.704177897574124,3324
2026-04,Lyft,36,198,Bushwick North,Ridgewood,4472,3124,0.6985688729874776,3349
2026-04,Lyft,244,244,Washington Heights South,Washington Heights South,4465,3097,0.6936170212765957,2927
2026-04,Lyft,188,188,Prospect-Lefferts Gardens,Prospect-Lefferts Gardens,4428,3094,0.6987353206865402,2930
2026-04,Lyft,255,256,Williamsburg (North Side),Williamsburg (South Side),4257,3094,0.7268029128494244,4049
2026-04,Lyft,230,138,Times Sq/Theatre District,LaGuardia Airport,3982,3058,0.7679558011049724,3269
2026-04,Lyft,138,230,LaGuardia Airport,Times Sq/Theatre District,3979,3014,0.7574767529530033,3309
2026-04,Lyft,213,213,Soundview/Castle Hill,Soundview/Castle Hill,4308,3004,0.6973073351903436,2952
2026-04,Lyft,246,265,West Chelsea/Hudson Yards,Outside of NYC,4129,2993,0.7248728505691451,3844
2026-04,Lyft,228,228,Sunset Park West,Sunset Park West,4343,2952,0.6797144830762146,2895
2026-04,Lyft,225,225,Stuyvesant Heights,Stuyvesant Heights,4346,2940,0.6764841233317993,2672
2026-04,Lyft,234,265,Union Sq,Outside of NYC,3929,2864,0.7289386612369559,4137
2026-04,Lyft,42,74,Central Harlem North,East Harlem North,4239,2821,0.6654871431941496,2433
2026-04,Lyft,74,75,East Harlem North,East Harlem South,4131,2735,0.6620672960542242,2473
2026-04,Lyft,191,191,Queens Village,Queens Village,4021,2729,0.6786868938075106,2600
2026-04,Lyft,61,17,Crown Heights North,Bedford,4079,2718,0.6663397891640108,2415
2026-04,Lyft,74,74,East Harlem North,East Harlem North,4077,2712,0.6651949963208241,2440
2026-04,Lyft,226,226,Sunnyside,Sunnyside,4036,2658,0.6585728444003964,2418
2026-04,Lyft,39,76,Canarsie,East New York,4070,2613,0.6420147420147421,2527
2026-04,Lyft,17,61,Bedford,Crown Heights North,4000,2591,0.64775,2448
2026-04,Lyft,35,76,Brownsville,East New York,3985,2585,0.6486825595984943,2194
2026-04,Lyft,76,35,East New York,Brownsville,3934,2574,0.6542958820538892,2247
2026-04,Lyft,77,76,East New York/Pennsylvania Avenue,East New York,4027,2564,0.6367022597467097,2161
2026-04,Lyft,76,77,East New York,East New York/Pennsylvania Avenue,3952,2554,0.646255060728745,2271
2026-04,Lyft,74,42,East Harlem North,Central Harlem North,3951,2551,0.6456593267527209,2152
2026-04,Lyft,249,265,West Village,Outside of NYC,3523,2548,0.7232472324723247,3424
2026-04,Lyft,231,265,TriBeCa/Civic Center,Outside of NYC,3707,2545,0.6865389803075262,3020
2026-04,Lyft,41,74,Central Harlem,East Harlem North,3853,2507,0.6506618219569167,2212
2026-04,Lyft,256,255,Williamsburg (South Side),Williamsburg (North Side),3725,2490,0.6684563758389261,2751
2026-04,Lyft,37,225,Bushwick South,Stuyvesant Heights,3856,2476,0.6421161825726142,2181
2026-04,Lyft,198,36,Ridgewood,Bushwick North,3798,2413,0.6353343865192207,2072
2026-04,Lyft,79,265,East Village,Outside of NYC,3363,2412,0.7172167707404103,3872
