window_minutes,month,service,eligible_nonshared_trips,potentially_shareable_trips,potentially_shareable_share,candidate_trip_pairs,nonempty_cells,multi_trip_cells
5,2026-04,Uber,14958704,4694614,0.313838284386134,4678266,12166511,1902421
5,2026-04,Lyft,5613764,930356,0.1657276650746273,679039,5096695,413287
5,2026-05,Uber,14962744,4620293,0.3087864765981427,4531403,12221380,1878929
5,2026-05,Lyft,6766606,1198049,0.17705316372787186,903721,6096561,528004
10,2026-04,Uber,14958704,6790245,0.453932707004564,9356742,10642048,2473589
10,2026-04,Lyft,5613764,1497505,0.2667559591033752,1361286,4738962,622703
10,2026-05,Uber,14962744,6701182,0.44785782607789054,9060008,10714311,2452749
10,2026-05,Lyft,6766606,1915041,0.28301352258429113,1812575,5640897,789332
15,2026-04,Uber,14958704,8068109,0.5393588241334276,14015186,9593210,2702615
15,2026-04,Lyft,5613764,1907878,0.3398571796035601,2041536,4459886,754000
15,2026-05,Uber,14962744,7978625,0.5332327412672435,13573575,9671600,2687481
15,2026-05,Lyft,6766606,2427944,0.3588126750693036,2721006,5288298,949636
