month,service,minimum_reference_n,shared_supported,mean_difference_usd,median_difference_usd
2026-04,Uber,10,144177,-9.147366135651492,-7.1852
2026-04,Uber,30,85060,-8.199560725212567,-5.917226430976434
2026-04,Uber,50,59530,-7.631465508840478,-5.161565345645759
2026-04,Lyft,10,65,-12.33369328145659,-6.9294642857142925
2026-04,Lyft,30,47,-16.257091889375605,-7.655806451612914
2026-04,Lyft,50,35,-23.599988992301967,-8.776491228070181
2026-05,Uber,10,130779,-9.154396338004965,-7.3137142857142905
2026-05,Uber,30,77449,-8.137288903360458,-6.065000000000004
2026-05,Uber,50,54234,-7.446990490931542,-5.376687077022233
2026-05,Lyft,10,57,-13.559316904111476,-7.528000000000006
2026-05,Lyft,30,38,-20.845808234099245,-10.303476197429902
2026-05,Lyft,50,27,-25.639837892674855,-11.101718750000018
