bin_left_minutes,bin_right_minutes,trip_count,visual_p01_minutes,visual_p99_minutes
-7.933333333333334,-7.563166666666667,445,-7.933333333333334,29.083333333333336
-7.563166666666667,-7.1930000000000005,511,-7.933333333333334,29.083333333333336
-7.1930000000000005,-6.8228333333333335,575,-7.933333333333334,29.083333333333336
-6.8228333333333335,-6.452666666666667,680,-7.933333333333334,29.083333333333336
-6.452666666666667,-6.0825000000000005,770,-7.933333333333334,29.083333333333336
-6.0825000000000005,-5.7123333333333335,935,-7.933333333333334,29.083333333333336
-5.7123333333333335,-5.342166666666667,1131,-7.933333333333334,29.083333333333336
-5.342166666666667,-4.972,1274,-7.933333333333334,29.083333333333336
-4.972,-4.601833333333333,1476,-7.933333333333334,29.083333333333336
-4.601833333333333,-4.231666666666667,1903,-7.933333333333334,29.083333333333336
-4.231666666666667,-3.8615000000000004,1993,-7.933333333333334,29.083333333333336
-3.8615000000000004,-3.4913333333333334,2262,-7.933333333333334,29.083333333333336
-3.4913333333333334,-3.1211666666666673,2529,-7.933333333333334,29.083333333333336
-3.1211666666666673,-2.7510000000000003,2940,-7.933333333333334,29.083333333333336
-2.7510000000000003,-2.3808333333333342,3361,-7.933333333333334,29.083333333333336
-2.3808333333333342,-2.0106666666666673,3493,-7.933333333333334,29.083333333333336
-2.0106666666666673,-1.6405000000000003,3901,-7.933333333333334,29.083333333333336
-1.6405000000000003,-1.2703333333333342,3968,-7.933333333333334,29.083333333333336
-1.2703333333333342,-0.9001666666666672,4237,-7.933333333333334,29.083333333333336
-0.9001666666666672,-0.5300000000000011,4385,-7.933333333333334,29.083333333333336
-0.5300000000000011,-0.15983333333333416,4600,-7.933333333333334,29.083333333333336
-0.15983333333333416,0.21033333333333282,4895,-7.933333333333334,29.083333333333336
0.21033333333333282,0.5804999999999989,4971,-7.933333333333334,29.083333333333336
0.5804999999999989,0.9506666666666668,5039,-7.933333333333334,29.083333333333336
0.9506666666666668,1.3208333333333329,5052,-7.933333333333334,29.083333333333336
1.3208333333333329,1.690999999999999,5069,-7.933333333333334,29.083333333333336
1.690999999999999,2.061166666666665,5086,-7.933333333333334,29.083333333333336
2.061166666666665,2.431333333333333,4943,-7.933333333333334,29.083333333333336
2.431333333333333,2.801499999999999,5217,-7.933333333333334,29.083333333333336
2.801499999999999,3.171666666666665,4954,-7.933333333333334,29.083333333333336
3.171666666666665,3.541833333333333,5108,-7.933333333333334,29.083333333333336
3.541833333333333,3.911999999999999,5091,-7.933333333333334,29.083333333333336
3.911999999999999,4.282166666666665,4767,-7.933333333333334,29.083333333333336
4.282166666666665,4.652333333333333,5002,-7.933333333333334,29.083333333333336
4.652333333333333,5.022499999999999,4699,-7.933333333333334,29.083333333333336
5.022499999999999,5.392666666666665,4755,-7.933333333333334,29.083333333333336
5.392666666666665,5.762833333333333,4433,-7.933333333333334,29.083333333333336
5.762833333333333,6.132999999999999,4339,-7.933333333333334,29.083333333333336
6.132999999999999,6.503166666666665,4471,-7.933333333333334,29.083333333333336
6.503166666666665,6.873333333333331,4202,-7.933333333333334,29.083333333333336
6.873333333333331,7.243499999999999,4131,-7.933333333333334,29.083333333333336
7.243499999999999,7.613666666666665,3930,-7.933333333333334,29.083333333333336
7.613666666666665,7.983833333333331,3943,-7.933333333333334,29.083333333333336
7.983833333333331,8.354,3606,-7.933333333333334,29.083333333333336
8.354,8.724166666666665,3445,-7.933333333333334,29.083333333333336
8.724166666666665,9.094333333333331,3452,-7.933333333333334,29.083333333333336
9.094333333333331,9.464499999999997,3361,-7.933333333333334,29.083333333333336
9.464499999999997,9.834666666666667,3269,-7.933333333333334,29.083333333333336
9.834666666666667,10.204833333333333,3049,-7.933333333333334,29.083333333333336
10.204833333333333,10.575,2951,-7.933333333333334,29.083333333333336
10.575,10.945166666666665,2872,-7.933333333333334,29.083333333333336
10.945166666666665,11.315333333333331,2665,-7.933333333333334,29.083333333333336
11.315333333333331,11.685499999999998,2749,-7.933333333333334,29.083333333333336
11.685499999999998,12.055666666666664,2400,-7.933333333333334,29.083333333333336
12.055666666666664,12.425833333333333,2393,-7.933333333333334,29.083333333333336
12.425833333333333,12.796,2333,-7.933333333333334,29.083333333333336
12.796,13.166166666666665,2201,-7.933333333333334,29.083333333333336
13.166166666666665,13.536333333333332,2106,-7.933333333333334,29.083333333333336
13.536333333333332,13.906499999999998,1927,-7.933333333333334,29.083333333333336
13.906499999999998,14.276666666666664,1895,-7.933333333333334,29.083333333333336
14.276666666666664,14.646833333333333,1798,-7.933333333333334,29.083333333333336
14.646833333333333,15.017,1668,-7.933333333333334,29.083333333333336
15.017,15.387166666666666,1625,-7.933333333333334,29.083333333333336
15.387166666666666,15.757333333333332,1517,-7.933333333333334,29.083333333333336
15.757333333333332,16.127499999999998,1421,-7.933333333333334,29.083333333333336
16.127499999999998,16.497666666666664,1414,-7.933333333333334,29.083333333333336
16.497666666666664,16.86783333333333,1339,-7.933333333333334,29.083333333333336
16.86783333333333,17.238,1277,-7.933333333333334,29.083333333333336
17.238,17.608166666666666,1253,-7.933333333333334,29.083333333333336
17.608166666666666,17.97833333333333,1052,-7.933333333333334,29.083333333333336
17.97833333333333,18.348499999999998,1058,-7.933333333333334,29.083333333333336
18.348499999999998,18.718666666666664,1058,-7.933333333333334,29.083333333333336
18.718666666666664,19.08883333333333,983,-7.933333333333334,29.083333333333336
19.08883333333333,19.459,912,-7.933333333333334,29.083333333333336
19.459,19.829166666666666,867,-7.933333333333334,29.083333333333336
19.829166666666666,20.199333333333332,747,-7.933333333333334,29.083333333333336
20.199333333333332,20.569499999999998,746,-7.933333333333334,29.083333333333336
20.569499999999998,20.939666666666664,726,-7.933333333333334,29.083333333333336
20.939666666666664,21.30983333333333,683,-7.933333333333334,29.083333333333336
21.30983333333333,21.679999999999996,626,-7.933333333333334,29.083333333333336
21.679999999999996,22.050166666666666,622,-7.933333333333334,29.083333333333336
22.050166666666666,22.420333333333332,527,-7.933333333333334,29.083333333333336
22.420333333333332,22.790499999999998,501,-7.933333333333334,29.083333333333336
22.790499999999998,23.160666666666664,497,-7.933333333333334,29.083333333333336
23.160666666666664,23.53083333333333,444,-7.933333333333334,29.083333333333336
23.53083333333333,23.900999999999996,466,-7.933333333333334,29.083333333333336
23.900999999999996,24.271166666666662,384,-7.933333333333334,29.083333333333336
24.271166666666662,24.641333333333332,355,-7.933333333333334,29.083333333333336
24.641333333333332,25.011499999999995,370,-7.933333333333334,29.083333333333336
25.011499999999995,25.381666666666664,308,-7.933333333333334,29.083333333333336
25.381666666666664,25.751833333333334,283,-7.933333333333334,29.083333333333336
25.751833333333334,26.121999999999996,262,-7.933333333333334,29.083333333333336
26.121999999999996,26.492166666666666,295,-7.933333333333334,29.083333333333336
26.492166666666666,26.86233333333333,223,-7.933333333333334,29.083333333333336
26.86233333333333,27.232499999999998,215,-7.933333333333334,29.083333333333336
27.232499999999998,27.602666666666668,195,-7.933333333333334,29.083333333333336
27.602666666666668,27.97283333333333,199,-7.933333333333334,29.083333333333336
27.97283333333333,28.343,194,-7.933333333333334,29.083333333333336
28.343,28.713166666666663,163,-7.933333333333334,29.083333333333336
28.713166666666663,29.083333333333336,175,-7.933333333333334,29.083333333333336
