month,pickup_hour,shared_eligible,reference_supported,reference_coverage,excess_p25_minutes,excess_median_minutes,excess_p75_minutes,relative_p25_percent,relative_median_percent,relative_p75_percent,mean_excess_minutes
2026-04,0,16794,7577,0.4511730379897583,0.4750000000000014,4.541666666666668,9.8,3.0946065428823983,28.020686412787953,56.58972449739389,5.688936914346047
2026-04,1,11704,4347,0.3714114832535885,0.4208333333333343,4.391666666666666,9.266666666666664,2.708129969114191,26.996876394466742,55.579438437391005,5.366607238708688
2026-04,2,8837,2708,0.3064388367092905,0.5833333333333335,4.266666666666666,9.020833333333334,4.0131198645691395,27.602627257799675,58.092182513720516,5.340441900541606
2026-04,3,6786,1865,0.2748305334512231,0.7333333333333325,4.683333333333334,9.433333333333332,5.035971223021577,29.999999999999993,56.78066037735851,5.642345844504022
2026-04,4,6591,1581,0.23987255348202094,0.21666666666666679,3.991666666666667,8.966666666666665,1.4789533560864627,25.63956793632747,53.48837209302324,4.902261227071474
2026-04,5,7793,1610,0.20659566277428462,0.30833333333333357,4.25,9.206249999999999,2.0933184001430254,24.328870225127606,51.835419647862665,5.161557971014493
2026-04,6,12505,3911,0.3127548980407837,0.46249999999999947,4.65,10.729166666666668,2.8777915188676593,26.241900647948167,56.96196020735393,6.156185545043893
2026-04,7,14182,6522,0.4598787195035961,0.13333333333333286,5.05,11.408333333333339,0.7076453654358648,27.599850911123937,58.159173419715465,6.3463201471941115
2026-04,8,12781,6489,0.5077067522103121,0.25,4.891666666666667,11.05,1.3347570742124972,25.785482123510306,56.22559652928417,6.094467560486978
2026-04,9,9119,4571,0.5012611031911394,-0.08333333333333304,4.241666666666667,9.754166666666665,-0.5493639536192694,23.626943005181353,53.36283945653447,5.331667031284184
2026-04,10,5746,2944,0.5123564218586844,-0.21874999999999956,3.6875,8.95416666666667,-1.237737159136867,21.290923811290853,48.6976181356865,4.898211050724638
2026-04,11,4835,2456,0.5079627714581179,-0.22083333333333321,3.9291666666666654,9.26875,-1.248066712803669,22.916419749008604,50.89552859582675,5.20837065689468
2026-04,12,4988,2561,0.5134322373696872,-0.23333333333333428,4.258333333333335,9.641666666666666,-1.5091863517060349,22.97101449275363,53.725261932479626,5.439109071977092
2026-04,13,5938,3094,0.5210508588750421,0.3520833333333342,4.700000000000001,9.850000000000001,2.1152211618859345,26.226422856202557,53.96112744746468,5.751564856711916
2026-04,14,8141,4548,0.558653728043238,0.006249999999999645,4.479166666666666,10.654166666666665,0.018190637885034132,23.760382749684357,55.002642161926666,5.9181013632365875
2026-04,15,8925,5075,0.5686274509803921,-0.18333333333333357,4.4833333333333325,10.2625,-0.9024021404059794,23.0791618160652,53.074478671319255,5.516889983579639
2026-04,16,9675,5462,0.5645478036175711,-0.2979166666666666,4.408333333333334,10.25625,-1.4293423796493983,22.342402185912686,51.93675923977838,5.499620102526547
2026-04,17,10262,6025,0.5871175209510816,-0.11666666666666714,4.5166666666666675,10.108333333333333,-0.6129597197898449,22.59810554803789,49.85775248933143,5.541244813278008
2026-04,18,9083,5225,0.5752504679070791,-0.36666666666666536,4.225,9.691666666666666,-2.040816326530618,23.011363636363647,50.32938076416336,5.191417862838915
2026-04,19,9077,5041,0.5553597003415225,0.125,4.108333333333334,9.666666666666668,0.8573655494933761,23.821989528795825,53.2258064516129,5.439549031276863
2026-04,20,12241,6812,0.5564904828036925,0.5291666666666655,4.7666666666666675,10.099999999999998,3.328373333948639,28.094148518189193,57.08455415795761,5.8598417009199455
2026-04,21,15676,8390,0.535213064557285,0.5187499999999996,4.65,10.083333333333332,3.1390867737933563,27.537259200976024,56.800797145317915,5.8714193484306705
2026-04,22,20627,10941,0.5304212924807291,0.6500000000000004,4.816666666666666,10.100000000000001,4.114490161001784,28.521939953810627,57.26829268292684,5.957628035219207
2026-04,23,23077,11918,0.516444945183516,0.5416666666666665,4.708333333333332,9.908333333333331,3.358562449703058,28.201427194789666,57.837297916119645,5.787700676847345
2026-05,0,15774,7263,0.4604412324077596,0.8500000000000005,4.816666666666668,9.950000000000001,5.54660657673239,30.52256532066508,57.65318698419203,5.981481481481482
2026-05,1,11198,4298,0.3838185390248259,0.7166666666666672,4.616666666666666,9.700000000000001,4.891041814241875,29.643095442351957,58.55340494171642,5.836164107336747
2026-05,2,8741,2760,0.31575334629905044,0.4645833333333331,4.3999999999999995,9.352083333333333,3.0320605152957594,28.225739820157262,57.23725696269049,5.503707729468599
2026-05,3,6794,1892,0.27848101265822783,0.5166666666666673,4.366666666666667,9.0,3.3898110822573075,27.8327085180805,55.80478196681799,5.248387949260041
2026-05,4,6448,1539,0.2386786600496278,0.3625000000000007,4.116666666666667,9.020833333333332,2.2515888338691017,27.443237907206314,53.80442439439231,5.236511804201863
2026-05,5,6700,1429,0.21328358208955223,0.4666666666666668,4.55833333333333,9.800000000000004,3.601895734597154,27.172413793103445,53.184165232358005,5.7034173081408905
2026-05,6,9916,3157,0.31837434449374746,1.0583333333333318,5.433333333333334,11.041666666666666,6.8852459016393555,32.152974504249286,62.46550137994479,6.820702671312427
2026-05,7,11450,5477,0.4783406113537118,0.4666666666666668,5.233333333333334,11.091666666666665,2.857142857142847,28.53535353535353,60.17930519237953,6.561543728318422
2026-05,8,10309,5631,0.5462217479871957,0.5958333333333332,5.033333333333333,10.966666666666665,3.5750293540106233,28.283642224012898,59.16596922680745,6.391435801811402
2026-05,9,6951,3839,0.5522946338656308,0.46250000000000124,4.599999999999998,10.070833333333333,3.147832640901072,27.710843373493972,56.112533381849374,5.791375792307025
2026-05,10,5258,2926,0.5564853556485355,0.13750000000000062,4.3000000000000025,9.7125,0.885151925900832,26.21097673603386,56.05406523009065,5.7106715652768285
2026-05,11,4506,2446,0.5428317798490901,0.660416666666666,4.966666666666666,10.422916666666666,4.3030348485829535,30.26602559382686,61.22061321645032,6.335466067048242
2026-05,12,4581,2594,0.566251910063305,0.04999999999999938,4.508333333333333,10.0125,0.3260033240181771,26.4284799765883,59.42458006574009,5.824402467232074
2026-05,13,5514,3172,0.5752629669931084,0.5895833333333336,5.116666666666667,10.835416666666667,3.559094098386225,29.273865092440047,61.79032729174699,6.526634089953762
2026-05,14,7024,4189,0.596383826879271,0.6750000000000007,5.324999999999999,11.333333333333336,3.840361445783139,29.401408450704224,60.82631981637335,6.791270788573247
2026-05,15,7584,4700,0.6197257383966245,0.7229166666666664,5.275000000000001,11.360416666666667,3.888617855144462,28.22145569276296,57.86852513172383,6.706062056737588
2026-05,16,8101,4873,0.6015306752252808,0.6500000000000004,5.466666666666669,11.825000000000003,3.6091992613731696,29.043280182232348,60.008750820389416,6.869664477734455
2026-05,17,8882,5537,0.6233956316145013,1.0,5.616666666666667,11.475000000000005,5.459387483355537,29.574861367837332,58.507853403141375,6.776644994280898
2026-05,18,9201,5713,0.6209107705684165,0.6999999999999993,4.949999999999999,10.633333333333335,4.269449715370019,27.882960413080887,57.25034199726403,6.194728397222709
2026-05,19,7025,4455,0.6341637010676157,0.5916666666666668,4.850000000000001,9.991666666666669,3.9411988866061343,28.984615384615378,57.68247098170373,5.962437336326225
2026-05,20,9321,5529,0.5931766977792082,0.7916666666666661,4.825,9.891666666666666,5.280748663101603,29.179646936656283,58.96551724137932,5.952887803701695
2026-05,21,12551,7085,0.5644968528404111,0.8833333333333337,5.066666666666666,10.233333333333333,5.617977528089887,30.315500685871058,60.25991792065662,6.193348623853211
2026-05,22,17083,9373,0.5486741204706433,0.9333333333333336,5.116666666666667,10.316666666666668,5.741324921135643,30.30888030888032,58.68302130406715,6.254905046409901
2026-05,23,19992,10682,0.5343137254901961,0.9833333333333336,5.15,10.55,6.22403062601079,31.496372673604967,61.27893721691264,6.375584316295326
