month,PULocationID,DOLocationID,pickup_hour,day_type,observed_minutes,reference_cell_n,reference_median_minutes,excess_minutes,relative_excess_percent
2026-04,79,179,0,weekday,44.78333333333333,37,23.9,20.883333333333333,87.37796373779639
2026-04,107,145,0,weekday,9.3,41,17.483333333333334,-8.183333333333334,-46.80648236415634
2026-04,145,7,0,weekday,11.083333333333334,280,11.458333333333334,-0.375,-3.2727272727272725
2026-04,138,37,0,weekday,38.56666666666667,221,23.166666666666668,15.400000000000002,66.4748201438849
2026-04,138,65,0,weekday,20.683333333333334,163,20.5,0.18333333333333357,0.8943089430894321
2026-04,138,151,0,weekday,21.216666666666665,97,23.516666666666666,-2.3000000000000007,-9.78029766123317
2026-04,138,48,0,weekday,31.65,338,27.633333333333333,4.016666666666666,14.53558504221954
2026-04,164,129,0,weekday,33.61666666666667,56,24.358333333333334,9.258333333333333,38.00889497092028
2026-04,138,7,0,weekday,9.933333333333334,277,11.683333333333334,-1.75,-14.978601997146933
2026-04,138,225,0,weekday,35.43333333333333,151,26.733333333333334,8.699999999999996,32.543640897755594
2026-04,162,61,0,weekday,42.35,35,33.88333333333333,8.466666666666669,24.987702902115107
2026-04,226,7,0,weekday,9.216666666666667,146,8.641666666666667,0.5749999999999993,6.653809064609441
2026-04,87,17,0,weekday,28.316666666666666,35,19.733333333333334,8.583333333333332,43.496621621621614
2026-04,65,188,0,weekday,32.45,65,18.25,14.200000000000003,77.8082191780822
2026-04,138,243,0,weekday,38.95,77,20.316666666666666,18.633333333333336,91.71452009844137
2026-04,138,226,0,weekday,14.833333333333334,90,14.491666666666667,0.3416666666666668,2.3576768257619327
2026-04,138,146,0,weekday,28.766666666666666,130,16.1,12.666666666666664,78.67494824016562
2026-04,138,61,0,weekday,25.0,190,27.791666666666668,-2.791666666666668,-10.044977511244381
2026-04,237,7,0,weekday,27.033333333333335,85,16.216666666666665,10.81666666666667,66.70092497430629
2026-04,37,76,0,weekday,35.266666666666666,138,18.766666666666666,16.5,87.92184724689166
2026-04,37,61,0,weekday,11.583333333333334,374,13.066666666666666,-1.4833333333333325,-11.352040816326525
2026-04,138,79,0,weekday,29.8,312,22.083333333333332,7.716666666666669,34.9433962264151
2026-04,138,193,0,weekday,14.083333333333334,75,16.7,-2.6166666666666654,-15.66866267465069
2026-04,158,107,0,weekday,13.416666666666666,54,11.975,1.4416666666666664,12.038970076548361
2026-04,234,17,0,weekday,31.116666666666667,50,28.666666666666668,2.4499999999999993,8.546511627906975
2026-04,85,216,0,weekday,28.75,6,,,
2026-04,161,121,0,weekday,46.71666666666667,3,,,
2026-04,263,233,0,weekday,12.716666666666667,21,,,
2026-04,262,45,0,weekday,17.783333333333335,2,,,
2026-04,137,144,0,weekday,12.483333333333333,24,,,
2026-04,148,85,0,weekday,37.11666666666667,26,,,
2026-04,129,143,0,weekday,36.15,3,,,
2026-04,45,7,0,weekday,27.95,21,,,
2026-04,49,39,0,weekday,43.083333333333336,8,,,
2026-04,138,212,0,weekday,15.933333333333334,13,,,
2026-04,138,204,0,weekday,78.98333333333333,0,,,
2026-04,62,26,0,weekday,39.93333333333333,8,,,
2026-04,189,227,0,weekday,16.383333333333333,8,,,
2026-04,263,223,0,weekday,27.783333333333335,25,,,
2026-04,158,17,0,weekday,40.583333333333336,17,,,
2026-04,215,132,0,weekday,24.05,23,,,
2026-04,45,42,0,weekday,26.516666666666666,18,,,
2026-04,129,139,0,weekday,35.88333333333333,4,,,
2026-04,138,131,0,weekday,15.466666666666667,19,,,
2026-04,17,196,0,weekday,32.03333333333333,0,,,
2026-04,249,75,0,weekday,38.833333333333336,21,,,
2026-04,129,168,0,weekday,24.616666666666667,22,,,
2026-04,7,238,0,weekday,28.3,11,,,
2026-04,45,244,0,weekday,25.083333333333332,7,,,
2026-04,148,151,0,weekday,28.533333333333335,26,,,
