month,PULocationID,borough,zone,shared_eligible,reference_supported,reference_coverage,excess_p25_minutes,excess_median_minutes,excess_p75_minutes,relative_p25_percent,relative_median_percent,relative_p75_percent,mean_excess_minutes
2026-04,2,Queens,Jamaica Bay,1,0,0.0,,,,,,,
2026-04,3,Bronx,Allerton/Pelham Gardens,338,95,0.28106508875739644,0.24583333333333313,3.45,7.075,2.940826359708114,25.37815126050421,54.496852808263384,4.266491228070175
2026-04,4,Manhattan,Alphabet City,1358,276,0.203240058910162,0.7854166666666667,4.083333333333334,7.854166666666666,4.580135795748162,24.247582653002134,51.74228298845976,5.038224637681159
2026-04,6,Staten Island,Arrochar/Fort Wadsworth,35,1,0.02857142857142857,3.9083333333333323,3.9083333333333323,3.9083333333333323,59.74522292993629,59.74522292993629,59.74522292993629,3.9083333333333323
2026-04,7,Queens,Astoria,2003,786,0.39241138292561156,0.2375000000000007,4.583333333333334,10.075000000000003,1.213637800052248,26.923374478228958,55.478258081067224,5.9473388464800685
2026-04,8,Queens,Astoria Park,5,0,0.0,,,,,,,
2026-04,9,Queens,Auburndale,72,15,0.20833333333333334,-5.2250000000000005,0.75,7.958333333333332,-37.86231884057972,8.620689655172415,46.68824797545672,3.9133333333333318
2026-04,10,Queens,Baisley Park,909,327,0.35973597359735976,-0.604166666666667,3.1499999999999986,7.429166666666666,-5.095517137651599,21.358355674709568,57.67429510302852,3.83835372069317
2026-04,11,Brooklyn,Bath Beach,198,40,0.20202020202020202,-0.2791666666666668,2.191666666666667,4.606250000000001,-2.5647846342489946,18.2835652601992,42.9493891560236,3.143125
2026-04,12,Manhattan,Battery Park,8,0,0.0,,,,,,,
2026-04,13,Manhattan,Battery Park City,225,74,0.3288888888888889,-0.05833333333333357,4.683333333333335,11.537499999999998,-0.4246819350960365,23.44973213565467,70.13252430472313,6.309346846846846
2026-04,14,Brooklyn,Bay Ridge,787,218,0.2770012706480305,0.40833333333333144,4.870833333333334,10.081249999999997,2.5130425425261746,26.070093662607732,50.77899344955644,6.105504587155964
2026-04,15,Queens,Bay Terrace/Fort Totten,64,9,0.140625,-2.700000000000001,2.5666666666666664,3.3999999999999986,-30.861723446893784,15.217391304347823,42.23602484472048,1.9092592592592592
2026-04,16,Queens,Bayside,165,48,0.2909090909090909,0.9875000000000012,3.208333333333335,6.072916666666666,7.041786855850948,29.356592245583364,61.69426374926079,4.584895833333333
2026-04,17,Brooklyn,Bedford,3022,1787,0.5913302448709464,0.8499999999999979,4.81666666666667,9.945833333333333,4.831861767046796,30.60921248142645,59.77456419394487,5.941452154448797
2026-04,18,Bronx,Bedford Park,772,330,0.4274611398963731,0.15833333333333233,3.870833333333332,9.291666666666668,1.1921926362714883,22.35908961187215,54.30657608093637,5.39
2026-04,19,Queens,Bellerose,105,19,0.18095238095238095,2.4083333333333328,6.850000000000001,11.825000000000001,23.154701718907987,39.94169096209914,66.44364197804248,8.503947368421054
2026-04,20,Bronx,Belmont,398,133,0.3341708542713568,-0.125,4.433333333333334,7.899999999999999,-0.5042016806722689,26.666666666666675,53.92902408111533,5.269987468671679
2026-04,21,Brooklyn,Bensonhurst East,379,115,0.3034300791556728,-0.1625000000000001,3.116666666666667,6.65,-2.4900657937593653,24.502402196293747,52.73492538981827,4.051159420289855
2026-04,22,Brooklyn,Bensonhurst West,574,194,0.33797909407665505,0.4541666666666673,4.762500000000001,10.318750000000001,3.691472468196128,29.965812530754047,66.38602993458474,5.553780068728523
2026-04,23,Staten Island,Bloomfield/Emerson Hill,60,19,0.31666666666666665,-0.8833333333333333,3.5,6.158333333333333,-9.548194452196237,16.68049792531121,47.40239651087333,3.2771929824561403
2026-04,24,Manhattan,Bloomingdale,430,63,0.14651162790697675,0.6583333333333332,3.6083333333333334,7.7125,5.2453609092259335,28.233970753655797,51.66076507807511,4.6690476190476184
2026-04,25,Brooklyn,Boerum Hill,1379,688,0.49891225525743294,1.235416666666667,5.845833333333334,11.883333333333333,6.253259194168737,29.69164824404672,61.1250817939048,7.114716569767441
2026-04,26,Brooklyn,Borough Park,743,282,0.3795423956931359,-0.2625000000000002,4.900000000000001,10.027083333333337,-1.5187031053179296,24.782581457364024,47.29299618811032,5.362884160756502
2026-04,27,Queens,Breezy Point/Fort Tilden/Riis Beach,4,0,0.0,,,,,,,
2026-04,28,Queens,Briarwood/Jamaica Hills,522,142,0.2720306513409962,-0.4229166666666657,2.9833333333333325,8.620833333333334,-3.5112495698014667,23.504507162669576,59.94235816676763,4.766255868544602
2026-04,29,Brooklyn,Brighton Beach,369,114,0.3089430894308943,-0.5187500000000003,3.566666666666668,9.729166666666668,-3.993123260348602,23.473483934935818,59.836934972244244,5.038815789473685
2026-04,30,Queens,Broad Channel,6,0,0.0,,,,,,,
2026-04,31,Bronx,Bronx Park,72,3,0.041666666666666664,0.4708333333333341,1.0250000000000004,3.1875,5.22323920804934,10.933333333333337,27.010290827740494,2.0972222222222228
2026-04,32,Bronx,Bronxdale,418,96,0.22966507177033493,-0.04166666666666696,3.7583333333333337,9.45,-0.268150128083912,29.821445563944707,48.86114557485526,4.603732638888889
2026-04,33,Brooklyn,Brooklyn Heights,674,272,0.4035608308605341,1.2645833333333343,6.229166666666666,11.954166666666667,5.342500058924741,29.442824450022147,58.835732316450944,6.889154411764705
2026-04,34,Brooklyn,Brooklyn Navy Yard,274,35,0.12773722627737227,-1.779166666666666,2.9666666666666686,8.75,-9.839474101392957,17.354638260097666,51.92564965125285,6.059285714285716
2026-04,35,Brooklyn,Brownsville,3918,2391,0.610260336906585,0.39583333333333304,4.3000000000000025,9.154166666666665,2.5763292112066027,28.992248062015506,61.628477531551674,5.247354663320786
2026-04,36,Brooklyn,Bushwick North,4039,2388,0.5912354543203764,0.9166666666666676,4.866666666666667,9.604166666666668,5.577277122773077,29.447382120058094,56.351282554138834,5.741017587939698
2026-04,37,Brooklyn,Bushwick South,5856,3663,0.6255122950819673,1.0666666666666664,5.5,10.729166666666664,6.28402624620746,31.153725243634074,63.01810333436109,6.538884338884339
2026-04,38,Queens,Cambria Heights,318,55,0.17295597484276728,1.629166666666666,5.599999999999999,9.020833333333334,18.997409089795195,36.76470588235294,50.78253839123404,5.7283333333333335
2026-04,39,Brooklyn,Canarsie,5037,3613,0.7172920389120508,0.7583333333333329,4.916666666666664,10.166666666666664,5.115712545676,30.971128608923877,63.762376237623776,5.978076852108129
2026-04,40,Brooklyn,Carroll Gardens,389,97,0.2493573264781491,0.36666666666666714,3.833333333333334,11.033333333333335,3.216374269005852,21.08108108108107,57.26609157266091,5.203006872852233
2026-04,41,Manhattan,Central Harlem,1431,586,0.40950384346610763,0.4666666666666668,3.6833333333333345,8.743750000000002,3.1367163007733065,23.7582258458729,49.18043820961085,5.055091012514221
2026-04,42,Manhattan,Central Harlem North,2152,941,0.43726765799256506,0.20000000000000107,4.016666666666666,9.308333333333334,2.07612456747406,25.03477051460362,54.320987654320994,5.561840240878498
2026-04,43,Manhattan,Central Park,229,44,0.19213973799126638,-0.8833333333333335,4.874999999999999,14.041666666666664,-8.860024177125842,33.846068579184,88.04602811064846,7.146780303030301
2026-04,45,Manhattan,Chinatown,835,195,0.23353293413173654,-0.3999999999999999,3.299999999999997,8.2375,-2.6648769321646393,19.43069306930692,49.19360267349661,4.839059829059829
2026-04,46,Bronx,City Island,17,0,0.0,,,,,,,
2026-04,47,Bronx,Claremont/Bathgate,534,202,0.3782771535580524,0.8395833333333327,4.816666666666666,10.166666666666668,7.928710473513494,39.63169860135247,67.09109087477484,6.093605610561056
2026-04,48,Manhattan,Clinton East,2461,1120,0.4550995530272247,0.41458333333333464,4.758333333333332,9.89375,2.1724953089810373,25.70861491183442,51.893929671457904,5.970208333333333
2026-04,49,Brooklyn,Clinton Hill,1886,1010,0.5355249204665959,-0.04583333333333384,4.383333333333332,9.16875,-0.22709948238119754,23.522056191839646,55.33900381023784,5.044125412541254
2026-04,50,Manhattan,Clinton West,1257,420,0.3341288782816229,0.127083333333335,4.2416666666666645,9.304166666666667,0.6230022242257,26.944512488907847,53.83330332570282,5.778432539682539
2026-04,51,Bronx,Co-Op City,680,272,0.4,0.21458333333333268,5.337499999999999,9.164583333333333,1.1945208026288046,26.14512004460012,48.17040788570392,5.843443627450981
2026-04,52,Brooklyn,Cobble Hill,182,25,0.13736263736263737,-0.04999999999999716,4.716666666666667,6.383333333333333,-0.30612244897957447,30.517928286852584,49.5399515738499,5.148000000000001
2026-04,53,Queens,College Point,267,64,0.2397003745318352,1.6166666666666671,3.7416666666666654,8.106250000000003,10.670934764388905,31.419608243215656,56.317000836208095,5.697526041666666
2026-04,54,Brooklyn,Columbia Street,93,0,0.0,,,,,,,
2026-04,55,Brooklyn,Coney Island,676,205,0.3032544378698225,1.3166666666666664,5.133333333333336,10.500000000000004,8.76269274163219,31.417374265186147,59.40706955530217,6.1729674796747975
2026-04,56,Queens,Corona,758,205,0.2704485488126649,-0.16666666666666607,3.75,8.916666666666668,-1.1312217194570096,25.343595382078068,55.252387448840366,4.7629674796747965
2026-04,57,Queens,Corona,67,0,0.0,,,,,,,
2026-04,58,Bronx,Country Club,55,2,0.03636363636363636,8.92083333333333,15.35833333333333,21.79583333333333,46.869527145359,80.69176882661993,114.51401050788087,15.35833333333333
2026-04,59,Bronx,Crotona Park,13,0,0.0,,,,,,,
2026-04,60,Bronx,Crotona Park East,354,109,0.307909604519774,-0.14999999999999858,3.666666666666666,9.583333333333332,-0.9127789046653058,24.186991869918693,69.21783010933557,5.069418960244649
2026-04,61,Brooklyn,Crown Heights North,6710,4681,0.6976154992548436,0.9666666666666668,5.350000000000001,10.541666666666668,5.714285714285713,33.92299687825182,65.75970651177009,6.191800185145624
2026-04,62,Brooklyn,Crown Heights South,1730,901,0.5208092485549133,0.5500000000000007,4.25,9.349999999999998,3.7681159420289814,24.974093264248722,57.094211123723035,5.364252682204957
2026-04,63,Brooklyn,Cypress Hills,1406,565,0.4018492176386913,0.05000000000000071,4.258333333333336,9.966666666666669,0.42918454935622163,24.373259052924787,59.809027777777786,5.292463126843658
2026-04,64,Queens,Douglaston,65,4,0.06153846153846154,3.810416666666666,5.583333333333332,10.904166666666665,34.459764342845496,55.35538837268056,78.98662511463075,9.131249999999998
2026-04,65,Brooklyn,Downtown Brooklyn/MetroTech,1377,614,0.4458968772694263,-0.6229166666666668,4.2958333333333325,9.56666666666667,-3.916700358999587,19.88511753156805,47.45124060436632,5.09450325732899
2026-04,66,Brooklyn,DUMBO/Vinegar Hill,658,249,0.378419452887538,0.05000000000000071,4.408333333333335,9.766666666666666,0.22010271460014988,20.775347912524857,46.83544303797469,5.407597054886212
2026-04,67,Brooklyn,Dyker Heights,282,65,0.23049645390070922,0.00833333333333286,3.3000000000000007,8.216666666666667,0.03222687721559597,28.49829351535836,65.083135391924,4.862179487179488
2026-04,68,Manhattan,East Chelsea,1779,718,0.4035975267003935,-0.016666666666669272,4.200000000000002,9.770833333333334,-0.08956539088220067,20.069210567365545,45.9570672178707,5.537093779015785
2026-04,69,Bronx,East Concourse/Concourse Village,924,324,0.35064935064935066,0.47916666666666563,4.0249999999999995,8.764583333333334,3.263759016831421,24.286577107507593,55.89910933660935,5.228549382716049
2026-04,70,Queens,East Elmhurst,413,95,0.23002421307506055,-0.0625,3.4333333333333336,6.312500000000001,-0.7699810807668559,27.252502780867633,54.374485641864084,3.697631578947368
2026-04,71,Brooklyn,East Flatbush/Farragut,2972,1652,0.5558546433378196,1.0166666666666673,4.625,9.610416666666667,6.5474817243541,29.813236598656687,59.86132572463508,5.639361380145279
2026-04,72,Brooklyn,East Flatbush/Remsen Village,3791,2176,0.5739910313901345,0.11250000000000071,4.041666666666666,8.733333333333334,0.8348916757047189,30.369729404688357,62.55817520190398,4.91256893382353
2026-04,73,Queens,East Flushing,134,31,0.23134328358208955,-0.0875000000000008,2.866666666666667,8.720833333333333,-1.3403407684170334,29.08827785817655,72.0966689084939,4.01989247311828
2026-04,74,Manhattan,East Harlem North,1843,768,0.41671188279978294,-0.5020833333333319,3.537499999999999,8.733333333333333,-3.8636168569221527,22.63365412171469,56.50416024576532,4.664301215277778
2026-04,75,Manhattan,East Harlem South,2014,777,0.3857994041708044,0.0666666666666682,3.5333333333333314,8.966666666666669,0.45766590389015854,22.682743029389595,50.328151986183066,5.200160875160875
2026-04,76,Brooklyn,East New York,5631,4260,0.7565263718700054,1.0458333333333312,5.816666666666667,11.352083333333335,5.74900868343121,31.909458620019254,61.58469488139066,6.694311424100158
2026-04,77,Brooklyn,East New York/Pennsylvania Avenue,1679,782,0.4657534246575342,0.2791666666666668,4.104166666666666,8.645833333333332,2.810013595198258,28.155613328771786,58.205285526828476,5.092604433077579
2026-04,78,Bronx,East Tremont,858,364,0.42424242424242425,-0.6583333333333323,3.7,8.50625,-3.612068883857946,21.786556603773576,53.55941567065072,4.626671245421245
2026-04,79,Manhattan,East Village,3982,2565,0.6441486690105475,0.21666666666666856,4.849999999999998,10.5,1.1743450767841115,24.46300715990453,52.06611570247934,6.08078947368421
2026-04,80,Brooklyn,East Williamsburg,2780,1567,0.5636690647482014,0.7749999999999995,4.899999999999999,10.583333333333332,5.061241609936085,30.976814899277826,61.63722697767226,5.932663263135503
2026-04,81,Bronx,Eastchester,596,162,0.27181208053691275,-0.8333333333333324,3.3374999999999995,8.908333333333331,-4.803356405994672,23.31386323169712,55.11724461333941,4.7875000000000005
2026-04,82,Queens,Elmhurst,1510,609,0.4033112582781457,-0.25,4.550000000000001,9.558333333333334,-1.898433792121493,29.516994633273715,61.16352201257861,5.571442255062944
2026-04,83,Queens,Elmhurst/Maspeth,496,106,0.21370967741935484,-0.7375,2.4375,7.629166666666668,-7.4704852525734795,20.22901020814259,63.289865588611306,4.109591194968553
2026-04,85,Brooklyn,Erasmus,2466,1272,0.5158150851581509,1.160416666666666,5.025,9.650000000000002,6.699756673223797,28.92770666892281,54.002412991119705,5.832658542976939
2026-04,86,Queens,Far Rockaway,336,67,0.19940476190476192,-0.34999999999999876,2.1500000000000004,7.666666666666667,-2.4827701993704077,21.438515081206504,53.77434798214439,3.074626865671642
2026-04,87,Manhattan,Financial District North,869,327,0.3762945914844649,0.7708333333333339,4.75,11.379166666666665,3.9521237077052835,26.98201199200533,52.118719641935854,6.428593272171254
2026-04,88,Manhattan,Financial District South,358,53,0.14804469273743018,1.5333333333333332,4.700000000000001,9.433333333333334,5.456539621606794,19.860064585575895,47.44425385934821,5.678616352201257
2026-04,89,Brooklyn,Flatbush/Ditmas Park,4203,2739,0.6516773733047823,1.3416666666666677,6.008333333333331,11.425,7.298166713657492,32.246186217780114,63.643772690227465,6.894833880978458
2026-04,90,Manhattan,Flatiron,1152,344,0.2986111111111111,0.10833333333333339,3.783333333333333,9.12083333333333,0.5341690666877082,24.01015239547457,50.976523476523475,5.139389534883721
2026-04,91,Brooklyn,Flatlands,2998,1875,0.6254169446297532,0.8791666666666664,5.066666666666666,10.0625,5.591746263675809,31.578947368421048,61.14777618364418,5.894857777777778
2026-04,92,Queens,Flushing,648,257,0.3966049382716049,-0.4250000000000007,3.0666666666666664,8.358333333333334,-3.3015407190022015,18.01242236024844,46.76806083650189,4.495590142671856
2026-04,93,Queens,Flushing Meadows-Corona Park,38,2,0.05263157894736842,2.539583333333333,3.0124999999999993,3.4854166666666657,15.606685948891268,19.42629965443653,23.245913359981795,3.0124999999999993
2026-04,94,Bronx,Fordham South,364,93,0.2554945054945055,0.5166666666666657,5.024999999999999,10.983333333333334,2.9750479846449083,34.17721518987342,70.34883720930235,6.051433691756272
2026-04,95,Queens,Forest Hills,1038,461,0.4441233140655106,-0.8833333333333329,3.1999999999999993,8.891666666666666,-5.035128805620597,20.096038415366127,48.220436280137754,4.788828633405639
2026-04,96,Queens,Forest Park/Highland Park,34,0,0.0,,,,,,,
2026-04,97,Brooklyn,Fort Greene,1963,1113,0.5669893020886398,0.8666666666666671,5.699999999999999,11.033333333333333,5.153925977170531,28.40722495894909,54.58715596330274,6.5404761904761894
2026-04,98,Queens,Fresh Meadows,113,19,0.168141592920354,1.2416666666666663,4.6000000000000005,7.345833333333334,7.528988366206798,31.40186915887851,56.72378443229714,4.028947368421053
2026-04,99,Staten Island,Freshkills Park,1,0,0.0,,,,,,,
2026-04,100,Manhattan,Garment District,1182,240,0.20304568527918782,0.13333333333333197,4.358333333333334,9.820833333333333,0.471340562431973,23.748329642769924,52.048999174044354,5.5273263888888895
2026-04,101,Queens,Glen Oaks,109,10,0.09174311926605505,0.3645833333333339,1.8416666666666668,6.002083333333333,2.777107949521751,20.215932997261138,36.40465494958467,4.2475
2026-04,102,Queens,Glendale,606,180,0.297029702970297,-0.7083333333333335,3.591666666666668,7.452083333333333,-5.432055332417034,23.903727851096285,58.437102435015916,3.7645833333333334
2026-04,106,Brooklyn,Gowanus,641,219,0.3416536661466459,0.32083333333333286,4.408333333333335,9.220833333333333,1.7082817860028032,23.995407577497122,54.037180549955096,5.835730593607306
2026-04,107,Manhattan,Gramercy,1392,550,0.39511494252873564,-0.37916666666666643,3.458333333333335,9.491666666666667,-1.9603543354526862,19.628403730703255,48.44504093819833,4.93919696969697
2026-04,108,Brooklyn,Gravesend,337,50,0.14836795252225518,-0.6604166666666664,2.4166666666666674,6.289583333333334,-6.580599332606467,22.637773748570154,45.84356721634379,2.8011666666666675
2026-04,109,Staten Island,Great Kills,7,1,0.14285714285714285,-4.35,-4.35,-4.35,-30.20833333333333,-30.20833333333333,-30.20833333333333,-4.35
2026-04,111,Brooklyn,Green-Wood Cemetery,7,0,0.0,,,,,,,
2026-04,112,Brooklyn,Greenpoint,2410,1559,0.6468879668049793,1.208333333333333,5.783333333333333,11.6125,5.822489862615749,30.610021786492375,58.70583556134963,6.863764165063075
2026-04,113,Manhattan,Greenwich Village North,1066,369,0.34615384615384615,-0.2666666666666657,4.066666666666666,9.283333333333331,-1.5355086372360789,20.880000000000006,47.582417582417584,5.210998193315267
2026-04,114,Manhattan,Greenwich Village South,1474,679,0.460651289009498,0.2666666666666675,4.816666666666666,10.083333333333336,1.2932743420080313,25.881410256410252,52.339172566469884,5.943016691212567
2026-04,115,Staten Island,Grymes Hill/Clifton,64,12,0.1875,2.1125,4.458333333333333,7.041666666666666,20.754926891290534,43.282853400755634,62.60458508866464,4.567361111111111
2026-04,116,Manhattan,Hamilton Heights,1042,367,0.3522072936660269,-0.13333333333333375,3.783333333333333,8.687500000000002,-0.8977299334829124,23.948598130841123,51.70758432868172,4.843369663941871
2026-04,117,Queens,Hammels/Arverne,301,69,0.2292358803986711,-0.5666666666666664,2.633333333333333,5.858333333333334,-7.976653696498057,25.938864628820976,66.46058732612056,3.2701690821256046
2026-04,118,Staten Island,Heartland Village/Todt Hill,25,8,0.32,5.208333333333332,7.683333333333333,16.679166666666667,60.50613496932515,77.46593406593406,97.40438144329896,10.545833333333334
2026-04,119,Bronx,Highbridge,644,173,0.2686335403726708,0.125,3.95,8.650000000000002,1.1494252873563218,28.73806998939555,50.82352941176472,5.236271676300578
2026-04,120,Manhattan,Highbridge Park,16,0,0.0,,,,,,,
2026-04,121,Queens,Hillcrest/Pomonok,377,73,0.19363395225464192,-0.39999999999999947,3.25,7.583333333333332,-3.59477124183007,21.05071141919008,50.525525525525524,4.606506849315069
2026-04,122,Queens,Hollis,341,110,0.3225806451612903,0.09166666666666723,4.666666666666667,8.108333333333333,0.849160666160591,34.137740604259335,74.51586225148037,4.516666666666666
2026-04,123,Brooklyn,Homecrest,386,122,0.3160621761658031,-0.47916666666666674,3.008333333333333,6.693750000000001,-5.28676503767881,22.641234323628975,62.392678395885426,4.440300546448087
2026-04,124,Queens,Howard Beach,424,116,0.27358490566037735,-1.8187499999999992,1.6708333333333334,4.485416666666667,-15.682262913718473,15.733775341068478,40.4686461460888,1.980675287356322
2026-04,125,Manhattan,Hudson Sq,451,99,0.21951219512195122,0.37916666666666643,4.991666666666667,11.775000000000002,2.8344522737477416,24.125452352231594,50.98211660463477,5.959343434343435
2026-04,126,Bronx,Hunts Point,510,178,0.34901960784313724,1.6666666666666656,6.191666666666667,12.841666666666669,11.962975418857777,35.1991283162547,71.0858018301861,7.741011235955057
2026-04,127,Manhattan,Inwood,639,158,0.24726134585289514,-0.3229166666666665,3.4916666666666654,8.666666666666668,-2.562174667437824,24.004346207664465,51.625912988250235,5.064504219409282
2026-04,128,Manhattan,Inwood Hill Park,58,0,0.0,,,,,,,
2026-04,129,Queens,Jackson Heights,1576,613,0.3889593908629442,0.0833333333333357,4.741666666666667,10.783333333333335,0.6904487917146244,28.88182299947006,60.521415270018636,5.749904839586732
2026-04,130,Queens,Jamaica,2235,1138,0.50917225950783,0.3104166666666668,4.275,9.797916666666666,2.0319473807845827,27.563551223241582,63.89135758309488,5.750117164616285
2026-04,131,Queens,Jamaica Estates,275,68,0.24727272727272728,-0.9499999999999997,3.416666666666667,6.783333333333333,-9.07478469507738,28.827978919434365,70.34938605756534,3.9105392156862746
2026-04,132,Queens,JFK Airport,6752,5070,0.7508886255924171,-1.5145833333333327,3.8375000000000004,11.016666666666666,-5.700293123704036,13.530026314190799,34.71381394695383,5.398913543721235
2026-04,133,Brooklyn,Kensington,457,75,0.16411378555798686,-0.5208333333333339,2.841666666666667,6.795833333333333,-4.9876360104134365,25.85291887793783,50.936180070441225,3.502
2026-04,134,Queens,Kew Gardens,368,100,0.2717391304347826,-0.24791666666666723,3.0458333333333334,8.804166666666667,-1.7999467054581086,22.62091636985855,57.01191346507069,4.7330000000000005
2026-04,135,Queens,Kew Gardens Hills,267,53,0.19850187265917604,-0.39166666666666927,3.0,7.883333333333333,-1.6949152542372994,18.835304822565966,50.6876227897839,4.269496855345912
2026-04,136,Bronx,Kingsbridge Heights,453,128,0.282560706401766,0.42083333333333317,3.4625000000000004,10.041666666666664,3.029732670299663,22.59407447594075,58.05263569303936,4.994986979166667
2026-04,137,Manhattan,Kips Bay,1799,504,0.2801556420233463,-0.7395833333333339,3.1,7.783333333333335,-4.812730406881492,19.85000585738615,47.1122078661394,4.240707671957672
2026-04,138,Queens,LaGuardia Airport,9509,7158,0.7527605426438111,-1.15,4.25,11.789583333333333,-4.744450147010221,15.223807812740613,40.789414711005755,5.954559001583311
2026-04,139,Queens,Laurelton,549,148,0.26958105646630237,-0.14791666666666625,2.7333333333333325,6.770833333333334,-0.9484593319144979,20.33340066474467,49.90008571880954,3.8247747747747742
2026-04,140,Manhattan,Lenox Hill East,2058,743,0.36103012633624876,-0.7416666666666671,3.0500000000000007,8.275,-4.424388517998807,19.543147208121834,47.74908353947486,4.374618663077614
2026-04,141,Manhattan,Lenox Hill West,1329,537,0.4040632054176072,0.216666666666665,3.8999999999999986,9.583333333333336,1.2733446519524618,24.320241691842902,54.28812843261512,5.285769708255741
2026-04,142,Manhattan,Lincoln Square East,1381,564,0.40839971035481537,-0.19583333333333397,4.16666666666667,9.360416666666667,-1.3990332472493179,23.481983094393243,48.848490737309405,5.310135933806147
2026-04,143,Manhattan,Lincoln Square West,931,345,0.37056928034371645,-0.06666666666666643,3.1833333333333336,7.716666666666669,-0.5072708826513358,19.2076830732293,49.999999999999986,4.273623188405797
2026-04,144,Manhattan,Little Italy/NoLiTa,1290,561,0.43488372093023253,0.3500000000000014,5.15,11.55,1.93548387096775,27.71362586605081,59.259259259259245,6.515715983363042
2026-04,145,Queens,Long Island City/Hunters Point,2174,1028,0.47286108555657774,-0.08958333333333401,3.8916666666666675,9.0,-0.47836116387642924,21.5099856045879,46.964529409609625,5.103291180285343
2026-04,146,Queens,Long Island City/Queens Plaza,578,111,0.19204152249134948,-0.9874999999999998,1.9833333333333343,6.008333333333334,-9.000272219953715,18.165784832451493,46.6275500992959,3.3057057057057047
2026-04,147,Bronx,Longwood,406,90,0.22167487684729065,1.0166666666666662,3.9208333333333343,7.183333333333332,7.976362717742025,25.181538891216324,52.787065155296304,4.620277777777777
2026-04,148,Manhattan,Lower East Side,3696,2284,0.6179653679653679,0.5666666666666664,5.424999999999999,11.45,3.1819936710461234,27.402997970974624,56.08397294575542,6.450350262697023
2026-04,149,Brooklyn,Madison,470,160,0.3404255319148936,0.12916666666666776,2.966666666666667,6.825,1.6356721268245906,23.18424231709833,49.76666994492525,4.339947916666667
2026-04,150,Brooklyn,Manhattan Beach,197,25,0.12690355329949238,0.2999999999999998,4.333333333333336,8.5,5.714285714285711,26.054590570719604,51.72955974842767,4.425
2026-04,151,Manhattan,Manhattan Valley,862,259,0.3004640371229698,-0.31666666666666643,2.6833333333333336,6.545833333333334,-2.3102372421987356,18.100558659217885,43.68533746522863,3.5613899613899607
2026-04,152,Manhattan,Manhattanville,510,67,0.13137254901960785,0.016666666666667496,3.633333333333333,7.479166666666666,0.2915069426697371,23.182957393483697,48.572494188002906,3.9547263681592035
2026-04,153,Manhattan,Marble Hill,112,11,0.09821428571428571,1.916666666666667,2.741666666666667,10.641666666666666,16.06471667527656,35.640138408304516,54.513346394276184,5.786363636363637
2026-04,154,Brooklyn,Marine Park/Floyd Bennett Field,19,0,0.0,,,,,,,
2026-04,155,Brooklyn,Marine Park/Mill Basin,1000,526,0.526,0.6500000000000008,5.237499999999999,9.785416666666666,3.8830854805413244,29.283394937950106,58.11301584556519,5.802313054499366
2026-04,156,Staten Island,Mariners Harbor,36,15,0.4166666666666667,-0.06666666666666643,2.8166666666666664,5.9333333333333345,-1.0827862562878288,21.743486973947903,40.947383781929815,3.455
2026-04,157,Queens,Maspeth,935,345,0.3689839572192513,0.2916666666666661,3.708333333333332,8.450000000000001,1.8129770992366603,28.591749644381217,61.87895212285457,4.880579710144928
2026-04,158,Manhattan,Meatpacking/West Village West,604,224,0.3708609271523179,-0.2458333333333309,3.491666666666667,9.556250000000002,-1.3699773061006482,22.214574662190678,51.48608616808139,5.607291666666667
2026-04,159,Bronx,Melrose South,889,353,0.39707536557930256,-0.466666666666665,3.666666666666668,10.116666666666665,-2.4965706447187914,23.91866913123844,51.10759493670886,5.319900849858357
2026-04,160,Queens,Middle Village,431,92,0.21345707656612528,-0.008333333333333748,4.133333333333334,9.456250000000002,0.005669140957060309,29.692771355314648,61.20543014761161,5.5652173913043494
2026-04,161,Manhattan,Midtown Center,1014,423,0.4171597633136095,-0.4791666666666665,4.233333333333334,9.991666666666664,-2.5325762243679373,21.45454545454546,46.305359378230946,5.444247438928291
2026-04,162,Manhattan,Midtown East,969,346,0.3570691434468524,-0.07499999999999907,3.695833333333332,10.468749999999996,-0.5003828583164931,21.945485486076272,47.39497971661378,5.561151252408477
2026-04,163,Manhattan,Midtown North,849,324,0.38162544169611307,0.4062500000000009,4.520833333333331,9.60833333333333,1.8127200134103378,24.16491772146437,48.94015959999743,5.964917695473251
2026-04,164,Manhattan,Midtown South,1697,680,0.4007071302298173,-0.060416666666666785,4.695833333333333,10.23958333333333,-0.3352422450461689,24.400220200833637,51.47257558983999,5.442193627450981
2026-04,165,Brooklyn,Midwood,707,253,0.3578500707213578,0.9166666666666679,3.93333333333333,9.833333333333332,6.556245686680479,26.42566191446028,58.1841432225064,5.460408432147562
2026-04,166,Manhattan,Morningside Heights,1181,448,0.3793395427603726,0.49583333333333357,3.979166666666665,8.270833333333332,2.9087939752854313,26.908448719634762,50.1303038747368,5.08515625
2026-04,167,Bronx,Morrisania/Melrose,751,298,0.3968042609853529,0.5666666666666664,3.8916666666666666,8.666666666666666,3.508034797410854,22.340972036094,49.613467175720125,4.828104026845638
2026-04,168,Bronx,Mott Haven/Port Morris,1466,698,0.4761255115961801,0.6374999999999997,4.837499999999999,10.308333333333337,4.420550791361519,30.901679768888616,57.22527472527474,5.8881088825214905
2026-04,169,Bronx,Mount Hope,766,320,0.4177545691906005,-0.0708333333333333,3.6208333333333327,8.3625,-0.5973182002628555,23.042931825170808,52.337721817057094,4.643359375
2026-04,170,Manhattan,Murray Hill,1336,523,0.39146706586826346,-1.2624999999999993,3.1833333333333336,9.754166666666666,-7.450048090347796,17.829457364341074,50.20588235294119,4.718897386870618
2026-04,171,Queens,Murray Hill-Queens,252,64,0.25396825396825395,-0.11458333333333304,2.4499999999999997,5.645833333333333,-0.8133009988526999,18.67828182374541,53.921996335398305,3.051171875
2026-04,172,Staten Island,New Dorp/Midland Beach,23,1,0.043478260869565216,3.033333333333333,3.033333333333333,3.033333333333333,34.33962264150943,34.33962264150943,34.33962264150943,3.033333333333333
2026-04,173,Queens,North Corona,506,140,0.2766798418972332,0.1708333333333334,2.9333333333333327,7.104166666666666,1.3886815054416493,26.313049745732176,60.607864887496866,4.660654761904762
2026-04,174,Bronx,Norwood,658,282,0.42857142857142855,0.9895833333333348,5.975000000000001,11.350000000000001,5.396239849715189,32.19614489944597,62.649708761314045,7.123433806146572
2026-04,175,Queens,Oakland Gardens,90,11,0.12222222222222222,0.37916666666666643,4.716666666666669,7.6625,6.667465567987131,49.41002949852506,69.14947778673451,6.279545454545455
2026-04,176,Staten Island,Oakwood,5,0,0.0,,,,,,,
2026-04,177,Brooklyn,Ocean Hill,2903,1547,0.5328970031002411,0.7333333333333338,4.949999999999999,9.591666666666665,5.415828429084652,32.292682926829286,66.46524025120493,5.564388062917475
2026-04,178,Brooklyn,Ocean Parkway South,140,25,0.17857142857142858,3.0999999999999996,4.533333333333335,7.75,24.562462281231134,37.95309168443497,55.82232893157263,5.4030000000000005
2026-04,179,Queens,Old Astoria,695,147,0.21151079136690648,-0.21250000000000036,2.7666666666666666,7.345833333333333,-1.5184587038655004,18.912027199320008,44.33078262326271,4.172789115646259
2026-04,180,Queens,Ozone Park,502,124,0.24701195219123506,-0.9520833333333343,2.766666666666667,10.149999999999999,-5.303877842251037,23.649784624116215,67.05032012805123,4.1980510752688165
2026-04,181,Brooklyn,Park Slope,2076,1368,0.6589595375722543,0.8104166666666677,5.445833333333335,11.160416666666666,4.332490483998235,25.566130190023326,51.924241427596556,6.504751461988304
2026-04,182,Bronx,Parkchester,556,137,0.24640287769784172,0.43333333333333357,4.741666666666665,9.416666666666668,2.0967741935483883,24.791418355184746,56.710775047259,5.8311435523114366
2026-04,183,Bronx,Pelham Bay,191,25,0.13089005235602094,2.033333333333333,4.733333333333333,7.058333333333333,17.4068402246044,35.92736705577171,60.04917025199754,5.723
2026-04,184,Bronx,Pelham Bay Park,18,0,0.0,,,,,,,
2026-04,185,Bronx,Pelham Parkway,507,144,0.28402366863905326,-0.34166666666666634,3.795833333333335,10.458333333333332,-1.901159915479033,25.37474301424522,55.04766455526246,5.47824074074074
2026-04,186,Manhattan,Penn Station/Madison Sq West,1246,315,0.25280898876404495,0.15833333333333321,4.175000000000004,9.4375,0.9125504815159983,24.009989297181576,52.860238755311144,6.082354497354497
2026-04,187,Staten Island,Port Richmond,25,8,0.32,5.585416666666667,8.262500000000001,9.583333333333334,56.15770720371805,75.26732529749368,102.13580007748935,7.256250000000001
2026-04,188,Brooklyn,Prospect-Lefferts Gardens,4468,2946,0.6593554162936437,0.835416666666666,4.641666666666666,9.74375,4.487482773843224,28.131098234448086,55.685609969602375,5.687477370445802
2026-04,189,Brooklyn,Prospect Heights,1068,488,0.45692883895131087,0.9999999999999996,4.733333333333334,9.46875,5.878171448607597,28.09254242546264,49.99124494798806,5.5710382513661205
2026-04,190,Brooklyn,Prospect Park,171,16,0.0935672514619883,1.899999999999999,5.2458333333333345,11.168750000000003,18.37156935104695,41.54052056491081,70.33022130013833,7.2109375
2026-04,191,Queens,Queens Village,525,239,0.4552380952380952,-0.4541666666666666,3.7666666666666675,9.216666666666669,-2.5018538206962058,24.822021831988614,57.25443024132514,4.8189679218967925
2026-04,192,Queens,Queensboro Hill,170,37,0.21764705882352942,-0.3916666666666657,3.541666666666666,12.433333333333334,-3.2616238723108872,41.36690647482014,84.02877697841726,6.322072072072071
2026-04,193,Queens,Queensbridge/Ravenswood,484,55,0.11363636363636363,-2.2749999999999995,2.083333333333333,5.929166666666667,-17.882341238214288,18.571428571428584,46.06279943727927,2.752424242424243
2026-04,194,Manhattan,Randalls Island,30,0,0.0,,,,,,,
2026-04,195,Brooklyn,Red Hook,631,116,0.1838351822503962,-0.29583333333333384,3.1958333333333346,9.118749999999999,-1.8345549603770848,13.561770612660776,40.25153118381566,4.792169540229885
2026-04,196,Queens,Rego Park,393,100,0.2544529262086514,-1.5541666666666667,2.029166666666667,6.643750000000001,-10.080921959163218,15.747132476107701,38.897750142681204,3.3285
2026-04,197,Queens,Richmond Hill,786,273,0.3473282442748092,0.13333333333333286,3.116666666666667,8.400000000000002,1.1004126547455255,24.36750998668441,62.97134238310708,4.247863247863247
2026-04,198,Queens,Ridgewood,2338,1235,0.5282292557741659,0.7666666666666675,4.850000000000001,9.6375,4.269251890950245,28.790459965928445,57.71815577635269,5.709520917678812
2026-04,200,Bronx,Riverdale/North Riverdale/Fieldston,354,46,0.12994350282485875,1.3958333333333328,5.566666666666666,11.395833333333336,12.747039442216,29.062250180452175,58.82757158737758,6.791666666666667
2026-04,201,Queens,Rockaway Park,61,19,0.3114754098360656,-0.4374999999999991,2.833333333333334,4.499999999999999,-4.416710134049158,14.937759336099585,56.01867457695678,2.205701754385965
2026-04,202,Manhattan,Roosevelt Island,147,8,0.05442176870748299,2.4708333333333337,8.683333333333334,10.14583333333333,10.986433458014027,33.977475808112,49.98291087489779,8.495833333333332
2026-04,203,Queens,Rosedale,501,126,0.25149700598802394,0.8541666666666656,4.016666666666667,7.902083333333332,5.458412646826679,28.903173358035712,53.31607963512886,4.914616402116401
2026-04,205,Queens,Saint Albans,1519,600,0.39499670836076367,0.02499999999999991,3.575000000000001,7.820833333333333,0.37499999999999867,25.69119788079968,59.89494798395323,4.616875
2026-04,206,Staten Island,Saint George/New Brighton,98,35,0.35714285714285715,-0.40000000000000036,3.491666666666667,9.491666666666665,-3.9909595748726403,50.51546391752576,80.4496186270574,4.607857142857142
2026-04,207,Queens,Saint Michaels Cemetery/Woodside,8,0,0.0,,,,,,,
2026-04,208,Bronx,Schuylerville/Edgewater Park,552,185,0.3351449275362319,-0.01666666666666572,4.8916666666666675,11.866666666666667,-0.15624999999999112,29.236947791164656,56.31349782293177,6.150630630630631
2026-04,209,Manhattan,Seaport,364,32,0.08791208791208792,2.149999999999998,4.975,10.227083333333335,12.386152486042654,30.547906016926724,70.77144058295964,6.905989583333334
2026-04,210,Brooklyn,Sheepshead Bay,650,250,0.38461538461538464,0.36666666666666714,4.2666666666666675,8.941666666666666,2.5120575971188526,27.748151363417918,61.361566484517326,5.141666666666667
2026-04,211,Manhattan,SoHo,660,240,0.36363636363636365,0.5833333333333335,4.466666666666666,10.691666666666666,3.881621381923723,23.217574669967583,49.92204042021824,5.704131944444445
2026-04,212,Bronx,Soundview/Bruckner,512,150,0.29296875,-0.08750000000000036,3.583333333333334,8.787499999999998,-0.5614973262032108,27.2393166963588,55.37908422979514,5.129444444444443
2026-04,213,Bronx,Soundview/Castle Hill,1101,478,0.43415077202543145,1.4979166666666677,6.4541666666666675,12.356250000000001,9.03370240036621,38.264631800328736,65.74388896397149,7.324267782426778
2026-04,214,Staten Island,South Beach/Dongan Hills,25,10,0.4,1.6666666666666663,6.945833333333333,11.435416666666669,9.541272151932311,46.03187027840079,85.097192224622,7.111666666666666
2026-04,215,Queens,South Jamaica,870,257,0.29540229885057473,0.14999999999999858,2.8583333333333325,6.616666666666669,0.767918088737194,22.920892494929,55.161626694473426,4.270752269779507
2026-04,216,Queens,South Ozone Park,1446,609,0.4211618257261411,-0.34999999999999964,3.4749999999999996,8.200000000000001,-2.969696969696969,24.98564043653073,55.55555555555556,4.456554460864806
2026-04,217,Brooklyn,South Williamsburg,332,41,0.12349397590361445,-0.0416666666666643,3.224999999999998,8.000000000000002,-0.23148148148148065,32.02846975088968,69.52264381884943,5.775813008130082
2026-04,218,Queens,Springfield Gardens North,709,235,0.3314527503526093,0.22499999999999964,3.5,7.866666666666666,2.1082641089085,25.527108433734952,52.58176849683478,4.324609929078014
2026-04,219,Queens,Springfield Gardens South,558,191,0.34229390681003585,0.4416666666666673,3.8166666666666655,8.670833333333334,3.227066128928999,31.826741996233515,66.08742611410695,4.848952879581152
2026-04,220,Bronx,Spuyten Duyvil/Kingsbridge,493,159,0.3225152129817444,1.783333333333334,5.5,11.129166666666668,9.246594010091066,28.16935289872504,56.22703742253899,7.274056603773585
2026-04,221,Staten Island,Stapleton,96,19,0.19791666666666666,-0.6250000000000009,2.883333333333333,7.5166666666666675,-4.550099955122199,25.415282392026583,62.10716981132076,2.6131578947368426
2026-04,222,Brooklyn,Starrett City,672,196,0.2916666666666667,0.5375000000000001,3.4416666666666655,6.914583333333333,3.1756632434522865,27.881685035007074,57.51486449115045,3.978358843537415
2026-04,223,Queens,Steinway,664,164,0.2469879518072289,0.21666666666666634,3.391666666666667,8.445833333333333,2.075926590343236,24.968924631687834,56.79534619811916,4.873628048780487
2026-04,224,Manhattan,Stuy Town/Peter Cooper Village,489,110,0.2249488752556237,-0.9812499999999993,4.308333333333334,10.481250000000001,-5.324576822509403,28.09021051432081,69.56039815529294,5.381893939393939
2026-04,225,Brooklyn,Stuyvesant Heights,3978,2341,0.5884866767219709,0.49166666666666714,4.599999999999998,9.366666666666665,2.810424118548792,28.232593726090276,56.48854961832061,5.3948775452086
2026-04,226,Queens,Sunnyside,1554,570,0.3667953667953668,-0.14583333333333304,3.5124999999999993,8.575000000000001,-1.0616452186677465,21.22909301927573,51.249999999999986,4.507982456140351
2026-04,227,Brooklyn,Sunset Park East,543,100,0.1841620626151013,-1.054166666666666,2.1499999999999995,6.843750000000001,-11.705865574110572,19.4924712853606,52.41117029527203,3.8465
2026-04,228,Brooklyn,Sunset Park West,1268,444,0.3501577287066246,0.46041666666666536,5.383333333333333,10.675000000000002,2.3670558731191043,28.118674665839997,56.37077896584954,6.6424737237237235
2026-04,229,Manhattan,Sutton Place/Turtle Bay North,938,325,0.3464818763326226,-0.40000000000000036,3.4833333333333307,8.366666666666664,-2.501410569870214,21.016949152542367,53.49065880039331,4.750435897435897
2026-04,230,Manhattan,Times Sq/Theatre District,1604,699,0.435785536159601,0.24166666666666714,4.699999999999999,10.608333333333334,0.8333236995890332,22.08982584784601,47.59516680315136,5.931056270863138
2026-04,231,Manhattan,TriBeCa/Civic Center,1207,590,0.4888152444076222,0.2791666666666659,5.358333333333334,11.989583333333332,1.2359576071296314,27.875755558514175,55.594694985302255,6.373290960451977
2026-04,232,Manhattan,Two Bridges/Seward Park,1819,528,0.2902693787795492,-0.05833333333333357,3.4625000000000012,9.333333333333332,-0.3264529469267545,22.117886590970535,51.980183114905,5.284690656565656
2026-04,233,Manhattan,UN/Turtle Bay South,705,244,0.34609929078014184,-0.9833333333333334,2.75,8.772916666666667,-5.861139518096024,18.20126682164939,45.7613777942894,4.372438524590164
2026-04,234,Manhattan,Union Sq,1613,701,0.43459392436453814,0.0833333333333357,4.283333333333335,9.916666666666668,0.4990019960079982,21.504237288135602,44.18938307030128,5.671885401806943
2026-04,235,Bronx,University Heights/Morris Heights,793,272,0.34300126103404793,-0.33541666666666625,3.9375,9.535416666666666,-1.483404476978387,25.281350951577366,54.27752151611218,5.414399509803921
2026-04,236,Manhattan,Upper East Side North,1155,501,0.43376623376623374,-0.4583333333333339,2.966666666666667,8.558333333333334,-3.104212860310418,20.853080568720372,51.32614398134655,4.652395209580838
2026-04,237,Manhattan,Upper East Side South,1298,563,0.4337442218798151,0.41666666666666696,4.558333333333334,10.008333333333333,3.2520388835840452,26.478873239436613,56.94760087080594,5.95219064535228
2026-04,238,Manhattan,Upper West Side North,1484,685,0.4615902964959569,0.18333333333333357,3.3999999999999986,7.949999999999999,1.2081274025260744,24.76489028213166,57.57575757575757,4.674343065693431
2026-04,239,Manhattan,Upper West Side South,1209,534,0.44168734491315137,-0.12291666666666656,3.1833333333333327,8.425,-0.6614476099916842,20.934313120822615,50.12210068047121,4.561985018726592
2026-04,240,Bronx,Van Cortlandt Park,113,10,0.08849557522123894,4.777083333333334,8.154166666666667,11.454166666666666,40.58678092838124,55.4422270901569,82.62195884964197,9.583333333333334
2026-04,241,Bronx,Van Cortlandt Village,607,197,0.3245469522240527,0.4499999999999993,4.633333333333333,11.125000000000004,2.980392156862743,26.54867256637168,62.22222222222223,6.249703891708967
2026-04,242,Bronx,Van Nest/Morris Park,583,212,0.36363636363636365,0.8770833333333319,5.3374999999999995,10.63125,4.075183118482617,29.576826001317112,57.2747564935065,6.185888364779874
2026-04,243,Manhattan,Washington Heights North,935,322,0.3443850267379679,0.6833333333333322,4.858333333333334,10.031250000000002,3.667232441473677,27.022661154493953,52.60675444181177,5.682867494824016
2026-04,244,Manhattan,Washington Heights South,1356,638,0.47050147492625366,0.6875000000000009,4.5625,10.4125,4.073891301487033,26.132710526519645,56.79863990640216,6.1710423197492155
2026-04,245,Staten Island,West Brighton,31,10,0.3225806451612903,-2.3187499999999996,0.9249999999999994,3.0166666666666675,-25.54719956916449,15.366305367255112,39.62979482604818,0.9900000000000002
2026-04,246,Manhattan,West Chelsea/Hudson Yards,1445,654,0.45259515570934256,0.05416666666666581,4.149999999999999,10.239583333333329,0.3606838539204606,21.411018628616738,49.539668217593594,5.578376656472987
2026-04,247,Bronx,West Concourse,774,284,0.3669250645994832,-0.6916666666666678,4.541666666666667,9.633333333333335,-4.94283865401207,30.340771375313167,62.26674543676661,5.010328638497652
2026-04,248,Bronx,West Farms/Bronx River,527,145,0.27514231499051234,-0.9833333333333343,2.8583333333333343,9.658333333333331,-7.137601177336263,18.802698145025307,59.73154362416108,4.372701149425288
2026-04,249,Manhattan,West Village,1701,930,0.54673721340388,1.1687499999999975,5.316666666666668,10.810416666666667,6.806716077357626,27.28815296615928,50.69528381926602,6.512016129032259
2026-04,250,Bronx,Westchester Village/Unionport,410,141,0.3439024390243902,-0.375,3.9000000000000004,8.566666666666666,-2.5166923472008316,22.516930022573348,49.26220204313282,4.609751773049646
2026-04,251,Staten Island,Westerleigh,22,10,0.45454545454545453,-1.7229166666666669,0.5374999999999992,2.3833333333333333,-14.25777249149239,3.807055351699762,24.795031055900623,1.2958333333333332
2026-04,252,Queens,Whitestone,132,22,0.16666666666666666,-1.2208333333333337,2.858333333333333,6.583333333333334,-9.503378960507346,29.04428904428903,50.611896741075284,3.1776515151515152
2026-04,253,Queens,Willets Point,8,0,0.0,,,,,,,
2026-04,254,Bronx,Williamsbridge/Olinville,1178,566,0.48047538200339557,0.9145833333333335,5.425,10.39166666666667,5.851393248399805,29.098310210828018,51.24824751570188,6.289502355712603
2026-04,255,Brooklyn,Williamsburg (North Side),2712,1863,0.6869469026548672,1.200000000000002,5.716666666666669,10.979166666666666,6.96245570699719,30.712008501594045,56.66184273999035,6.615387368044373
2026-04,256,Brooklyn,Williamsburg (South Side),2307,1259,0.5457303857824014,0.12916666666666643,4.625000000000002,10.033333333333333,0.7420431960794316,25.239436619718305,56.8445218558298,5.5995432883240674
2026-04,257,Brooklyn,Windsor Terrace,291,47,0.16151202749140894,0.9166666666666652,4.274999999999999,11.716666666666667,5.376105019474384,35.29614325068871,74.35294341168944,6.122695035460993
2026-04,258,Queens,Woodhaven,1047,391,0.3734479465138491,-0.5291666666666668,4.566666666666666,10.316666666666666,-4.476364781949918,27.654320987654327,57.93488715204826,5.472612958226769
2026-04,259,Bronx,Woodlawn/Wakefield,712,213,0.2991573033707865,1.9333333333333336,6.7333333333333325,13.816666666666666,14.30167597765364,41.40518417462482,69.88341968911918,8.299765258215961
2026-04,260,Queens,Woodside,843,264,0.31316725978647686,-0.35833333333333206,2.979166666666668,7.289583333333335,-3.229131046012384,21.673859164479126,50.16798418972332,4.004135101010101
2026-04,261,Manhattan,World Trade Center,435,75,0.1724137931034483,0.21666666666666679,4.016666666666666,10.058333333333332,1.4922948760116692,18.487394957983202,42.113619285492845,5.421555555555556
2026-04,262,Manhattan,Yorkville East,811,273,0.3366214549938348,-1.5166666666666657,2.5333333333333314,6.666666666666666,-10.87941976427924,17.156398104265417,43.90243902439025,3.5440170940170943
2026-04,263,Manhattan,Yorkville West,1418,552,0.38928067700987307,-0.27083333333333326,3.020833333333332,7.404166666666667,-1.9738088472103807,20.056957400471507,50.396918078392304,4.341500603864734
2026-04,265,N/A,Outside of NYC,2,0,0.0,,,,,,,
2026-05,3,Bronx,Allerton/Pelham Gardens,294,78,0.2653061224489796,0.8125000000000004,4.0166666666666675,9.083333333333334,9.917761274237744,32.15046872438408,64.76499481077305,5.973183760683761
2026-05,4,Manhattan,Alphabet City,1091,238,0.21814848762603117,0.533333333333335,3.5999999999999996,8.01666666666667,2.7296534908075643,24.28436393634207,52.05256117273285,4.960154061624649
2026-05,5,Staten Island,Arden Heights,2,0,0.0,,,,,,,
2026-05,6,Staten Island,Arrochar/Fort Wadsworth,29,2,0.06896551724137931,6.3395833333333345,9.054166666666669,11.768750000000004,33.50571611501546,45.92563484757817,58.34555358014089,9.054166666666669
2026-05,7,Queens,Astoria,1698,759,0.4469964664310954,0.8875000000000002,4.683333333333332,10.033333333333333,5.056555689874866,27.54182754182754,56.22440742533853,6.010331576635924
2026-05,8,Queens,Astoria Park,8,0,0.0,,,,,,,
2026-05,9,Queens,Auburndale,61,10,0.16393442622950818,1.19375,3.533333333333333,5.054166666666666,14.848771722482848,44.22070057540869,50.79860879984025,2.9316666666666666
2026-05,10,Queens,Baisley Park,754,307,0.40716180371352784,-0.037499999999999645,3.5999999999999996,7.366666666666667,-0.3466417717167593,29.41176470588235,59.58517762922214,4.594706840390879
2026-05,11,Brooklyn,Bath Beach,190,56,0.29473684210526313,-0.40833333333333344,2.6541666666666655,6.222916666666666,-4.3891779890625156,19.481246241731817,59.10344282845989,3.4632440476190474
2026-05,12,Manhattan,Battery Park,18,0,0.0,,,,,,,
2026-05,13,Manhattan,Battery Park City,150,39,0.26,1.6666666666666679,5.625,9.370833333333334,7.168257389162566,30.392749244713002,59.15621302446735,7.540811965811967
2026-05,14,Brooklyn,Bay Ridge,654,225,0.3440366972477064,1.2666666666666657,6.083333333333336,10.933333333333334,8.860759493670898,34.46647780925403,58.6013986013986,7.315407407407408
2026-05,15,Queens,Bay Terrace/Fort Totten,46,8,0.17391304347826086,-0.26666666666666705,2.075000000000001,5.05,-3.154130230157288,13.379903277807639,32.1951859524679,2.5302083333333334
2026-05,16,Queens,Bayside,150,49,0.32666666666666666,-0.3000000000000007,3.6500000000000004,9.433333333333334,-2.517407605784687,45.01263853781839,77.01149425287358,5.501190476190477
2026-05,17,Brooklyn,Bedford,2654,1558,0.5870384325546345,1.1937499999999996,5.2250000000000005,10.129166666666666,7.722236458875819,31.252214741318216,61.014108512451486,6.231038724860935
2026-05,18,Bronx,Bedford Park,605,315,0.5206611570247934,1.8833333333333337,5.283333333333331,10.470833333333333,11.26031401763403,31.351351351351354,58.57943404904263,6.5594973544973545
2026-05,19,Queens,Bellerose,98,20,0.20408163265306123,0.2625000000000002,5.670833333333332,12.5,3.5929759767977605,43.626347387092366,86.43942200815115,7.090833333333333
2026-05,20,Bronx,Belmont,391,154,0.3938618925831202,0.5437499999999993,6.666666666666665,10.45625,3.757529592300677,39.6125036157469,67.38931906641542,6.563744588744588
2026-05,21,Brooklyn,Bensonhurst East,381,170,0.4461942257217848,0.1750000000000016,4.191666666666666,8.55,1.1828100820231862,30.4838309365647,58.27653701884691,5.1461764705882365
2026-05,22,Brooklyn,Bensonhurst West,531,222,0.4180790960451977,0.8875000000000002,4.745833333333334,10.258333333333333,5.647791988908963,31.56284689608061,67.97736782046405,5.781418918918918
2026-05,23,Staten Island,Bloomfield/Emerson Hill,40,22,0.55,-0.5624999999999996,0.7583333333333333,6.8375,-7.255000358448644,11.786709416389938,67.14982686044567,4.981439393939394
2026-05,24,Manhattan,Bloomingdale,298,45,0.15100671140939598,-1.1999999999999993,2.3000000000000007,7.466666666666669,-10.247747747747752,22.009569377990438,60.57761732851988,3.5203703703703706
2026-05,25,Brooklyn,Boerum Hill,1162,650,0.5593803786574871,1.7708333333333335,6.125,11.800000000000002,10.536366784331758,32.3709031280815,58.18940586448,7.437153846153846
2026-05,26,Brooklyn,Borough Park,669,284,0.42451420029895365,1.2812500000000036,5.995833333333335,12.299999999999999,6.305627556915776,33.05083765838124,58.18298618028648,6.9352406103286395
2026-05,27,Queens,Breezy Point/Fort Tilden/Riis Beach,2,0,0.0,,,,,,,
2026-05,28,Queens,Briarwood/Jamaica Hills,463,133,0.28725701943844495,0.3333333333333339,3.583333333333334,8.541666666666664,3.132530120481914,26.59713168187745,56.10859728506786,5.121929824561404
2026-05,29,Brooklyn,Brighton Beach,252,83,0.32936507936507936,-0.012500000000000178,4.400000000000002,7.758333333333333,-0.10891288253242824,30.719557195571962,58.19160595452108,4.197791164658634
2026-05,30,Queens,Broad Channel,10,0,0.0,,,,,,,
2026-05,31,Bronx,Bronx Park,40,1,0.025,-4.441666666666667,-4.441666666666667,-4.441666666666667,-40.532319391634985,-40.532319391634985,-40.532319391634985,-4.441666666666667
2026-05,32,Bronx,Bronxdale,397,118,0.2972292191435768,1.0708333333333333,3.1083333333333325,8.85833333333333,7.431268607405089,25.086376396513117,49.504477705410835,5.633898305084745
2026-05,33,Brooklyn,Brooklyn Heights,590,238,0.4033898305084746,1.3874999999999993,6.950000000000001,13.24791666666667,6.68127344358206,36.3472874480754,67.02538078013143,8.361134453781512
2026-05,34,Brooklyn,Brooklyn Navy Yard,305,48,0.15737704918032788,-0.03958333333333508,3.0500000000000016,8.010416666666668,-0.4827873178256916,16.55872395602653,44.02092573645341,4.25329861111111
2026-05,35,Brooklyn,Brownsville,3464,2271,0.6556004618937644,0.6708333333333321,4.683333333333333,9.7,4.742315375937679,31.910112359550556,67.20726316436566,5.7811096433289295
2026-05,36,Brooklyn,Bushwick North,3654,2204,0.6031746031746031,1.1312499999999996,4.733333333333334,9.943749999999998,6.918402627462528,28.501129204802098,55.29995558269945,5.901346037507563
2026-05,37,Brooklyn,Bushwick South,5357,3405,0.6356169497853276,1.3166666666666664,5.933333333333334,11.158333333333333,7.922912205567458,33.668657654825516,64.86079759217458,6.815291238374939
2026-05,38,Queens,Cambria Heights,282,73,0.25886524822695034,1.0666666666666664,4.583333333333332,8.783333333333331,12.213740458015266,38.96396396396395,66.19718309859155,5.8119863013698625
2026-05,39,Brooklyn,Canarsie,4477,3263,0.7288362742908198,1.0,4.925000000000001,10.0,6.650955575110258,33.11855670103091,65.0960837906245,6.025694657268363
2026-05,40,Brooklyn,Carroll Gardens,298,79,0.2651006711409396,2.291666666666666,6.566666666666666,11.791666666666664,10.588161446236885,32.30637569533589,64.49598767226843,7.3935654008438805
2026-05,41,Manhattan,Central Harlem,1317,595,0.4517843583902809,1.1124999999999998,4.824999999999999,9.283333333333335,7.858197042257765,33.892423366107586,58.925955751974016,5.892507002801121
2026-05,42,Manhattan,Central Harlem North,1895,966,0.5097625329815303,0.8166666666666664,5.245833333333334,10.650000000000002,5.214729453140759,33.85156729430076,61.80565041149737,6.475112146307799
2026-05,43,Manhattan,Central Park,191,26,0.13612565445026178,-0.12916666666666599,2.1791666666666663,6.885416666666665,-0.3115446081156268,16.95296523517382,50.31727484786585,4.971153846153845
2026-05,45,Manhattan,Chinatown,737,174,0.23609226594301222,0.6687499999999997,5.15,11.025,4.896270263176296,29.683052881931857,58.4618716805662,6.878831417624522
2026-05,46,Bronx,City Island,17,0,0.0,,,,,,,
2026-05,47,Bronx,Claremont/Bathgate,539,274,0.5083487940630798,0.641666666666667,5.145833333333334,9.45625,5.285965853945479,35.84366595347959,68.31337167599433,5.927098540145985
2026-05,48,Manhattan,Clinton East,2026,886,0.43731490621915103,0.7437500000000008,4.991666666666667,10.508333333333333,4.74181629957519,26.05824268226447,53.06540325612576,6.2494450714823175
2026-05,49,Brooklyn,Clinton Hill,1603,898,0.5601996257018091,1.0500000000000007,4.729166666666667,9.762500000000001,5.8493980308052285,29.033423058191726,56.25296211795568,5.926967334818115
2026-05,50,Manhattan,Clinton West,989,294,0.2972699696663296,0.5000000000000004,4.545833333333334,9.316666666666666,5.555686186909945,30.960400796302064,61.285689238087485,5.920238095238095
2026-05,51,Bronx,Co-Op City,647,313,0.48377125193199383,0.8666666666666671,5.5,11.3,5.793450881612097,30.082191780821923,57.851801495581256,6.527689030883918
2026-05,52,Brooklyn,Cobble Hill,169,20,0.11834319526627218,1.5979166666666655,5.058333333333334,7.874999999999998,7.136449918842587,28.171613740148402,46.62004787893189,5.58875
2026-05,53,Queens,College Point,218,62,0.28440366972477066,0.4375,4.8125,8.691666666666666,3.706693324579989,27.96663555322099,65.01489222505336,5.30739247311828
2026-05,54,Brooklyn,Columbia Street,86,2,0.023255813953488372,-2.241666666666667,-1.8166666666666669,-1.3916666666666664,-16.771592666224876,-15.024666813931226,-13.277740961637578,-1.8166666666666669
2026-05,55,Brooklyn,Coney Island,533,180,0.33771106941838647,1.6895833333333323,5.470833333333333,11.974999999999998,15.911761342519803,35.429322671295154,69.07643027991665,7.314259259259259
2026-05,56,Queens,Corona,683,196,0.2869692532942899,-0.16874999999999996,3.8666666666666663,8.775,-1.9195563605638721,25.302786366509903,59.00104552799163,5.0453231292517
2026-05,57,Queens,Corona,50,0,0.0,,,,,,,
2026-05,58,Bronx,Country Club,45,2,0.044444444444444446,4.90625,10.620833333333334,16.335416666666667,17.956295322853705,50.587325895329215,83.21835646780471,10.620833333333334
2026-05,59,Bronx,Crotona Park,19,1,0.05263157894736842,5.550000000000001,5.550000000000001,5.550000000000001,42.09860935524653,42.09860935524653,42.09860935524653,5.550000000000001
2026-05,60,Bronx,Crotona Park East,315,97,0.30793650793650795,-0.1083333333333325,2.4666666666666686,8.291666666666668,-0.7282913165266051,15.987735435830057,59.22208281053951,4.510567010309278
2026-05,61,Brooklyn,Crown Heights North,6190,4612,0.7450726978998384,1.5166666666666657,5.575,10.568750000000001,9.390988778296112,35.3915938680767,68.68830618623451,6.4548135299219425
2026-05,62,Brooklyn,Crown Heights South,1591,901,0.5663104965430547,0.9166666666666661,4.9,10.091666666666669,6.356460324054833,31.133671742808797,60.700636942675146,5.788596004439511
2026-05,63,Brooklyn,Cypress Hills,1397,582,0.41660701503221187,0.8291666666666668,4.841666666666664,10.429166666666667,5.935890782803079,31.840813605070572,68.29662836139465,6.071320160366552
2026-05,64,Queens,Douglaston,46,9,0.1956521739130435,1.2166666666666686,3.3583333333333343,8.891666666666666,6.5236818588025125,26.377952755905508,131.2423124231242,4.649074074074074
2026-05,65,Brooklyn,Downtown Brooklyn/MetroTech,1151,576,0.5004344048653345,0.45833333333333126,5.6083333333333325,11.883333333333336,2.75716533178576,26.99247182280267,55.47056313993173,6.546788194444444
2026-05,66,Brooklyn,DUMBO/Vinegar Hill,597,187,0.3132328308207705,1.262500000000001,6.516666666666666,13.020833333333332,5.969882844319078,30.478589420654913,62.1954753187085,7.43921568627451
2026-05,67,Brooklyn,Dyker Heights,247,81,0.32793522267206476,0.43333333333333357,3.558333333333332,7.733333333333334,2.3593466424682408,26.6625233064015,73.1629392971246,4.243312757201648
2026-05,68,Manhattan,East Chelsea,1437,536,0.3729993041057759,0.9708333333333332,5.508333333333333,11.281250000000002,4.4781237141681505,25.045549004945325,50.41059001275998,6.60419776119403
2026-05,69,Bronx,East Concourse/Concourse Village,901,411,0.45615982241953384,0.6208333333333327,5.383333333333336,10.183333333333334,4.276444431569649,29.709302325581376,60.77385793178034,6.055778588807787
2026-05,70,Queens,East Elmhurst,348,96,0.27586206896551724,1.1250000000000009,3.5166666666666657,6.770833333333333,9.402859144167095,32.096586987891335,56.01548256938467,4.497569444444444
2026-05,71,Brooklyn,East Flatbush/Farragut,2555,1479,0.5788649706457926,1.1083333333333316,5.066666666666668,10.016666666666666,7.475137090923372,33.1151832460733,65.55342205519824,6.040331304935767
2026-05,72,Brooklyn,East Flatbush/Remsen Village,3597,2301,0.6396997497914929,0.4500000000000002,4.15,8.716666666666667,3.3169533169533247,31.11173340800896,65.80041580041578,5.216902071563089
2026-05,73,Queens,East Flushing,117,28,0.23931623931623933,0.5854166666666671,2.520833333333334,6.291666666666666,6.9340924775707435,23.779127933636246,74.30467380131809,4.474107142857144
2026-05,74,Manhattan,East Harlem North,1592,720,0.45226130653266333,0.4395833333333341,4.4375,9.754166666666668,3.425982794387348,31.852040788340542,63.5488547190604,5.87806712962963
2026-05,75,Manhattan,East Harlem South,1665,686,0.412012012012012,0.8833333333333337,4.7666666666666675,10.260416666666664,5.4611141092522635,30.6424228066019,63.24709159772995,6.26997084548105
2026-05,76,Brooklyn,East New York,5196,4068,0.7829099307159353,1.239583333333333,5.7875,11.320833333333336,7.48169990429631,32.67025624905842,63.09238860446118,6.694768108816781
2026-05,77,Brooklyn,East New York/Pennsylvania Avenue,1475,722,0.4894915254237288,0.2666666666666657,3.7375000000000007,8.93125,1.5404897782272613,28.738870078685487,59.85465074403263,4.726754385964911
2026-05,78,Bronx,East Tremont,767,382,0.4980443285528031,0.44166666666666643,4.425,10.197916666666668,3.5584836679156613,29.262615493958776,59.554133389749836,5.691339441535775
2026-05,79,Manhattan,East Village,3306,2167,0.6554748941318814,0.4083333333333341,4.808333333333334,10.724999999999998,2.5795956677734395,24.785658612626662,51.81278662430771,6.3436009844639285
2026-05,80,Brooklyn,East Williamsburg,2525,1437,0.5691089108910891,0.75,5.149999999999999,10.116666666666667,4.9818370524130815,31.031005797832137,62.38437821171635,6.080027835768963
2026-05,81,Bronx,Eastchester,505,135,0.26732673267326734,0.5583333333333327,3.658333333333333,8.741666666666667,3.5729341246777437,26.06689734717416,65.04806576364274,5.063888888888889
2026-05,82,Queens,Elmhurst,1416,701,0.4950564971751412,0.8499999999999979,4.883333333333335,9.866666666666667,5.63594821020564,33.333333333333336,64.46043165467626,5.9473014740846395
2026-05,83,Queens,Elmhurst/Maspeth,433,124,0.2863741339491917,-0.5520833333333337,2.3000000000000007,5.887500000000001,-2.7107913211982577,18.011727968344026,55.00259201658891,3.5668682795698925
2026-05,84,Staten Island,Eltingville/Annadale/Prince's Bay,1,0,0.0,,,,,,,
2026-05,85,Brooklyn,Erasmus,2180,1201,0.5509174311926606,0.5749999999999993,4.616666666666667,9.641666666666666,3.534777651083232,28.530443098501763,56.1139028475712,5.592818484596171
2026-05,86,Queens,Far Rockaway,184,54,0.29347826086956524,-0.2937500000000006,2.7250000000000005,5.487500000000001,-3.780703044565376,26.324584136933453,60.60483870967741,2.889969135802469
2026-05,87,Manhattan,Financial District North,777,276,0.3552123552123552,1.6729166666666666,6.241666666666667,11.808333333333337,9.463091463163533,30.858438671325402,50.03225025503926,7.126871980676327
2026-05,88,Manhattan,Financial District South,345,29,0.08405797101449275,0.6083333333333343,5.333333333333332,11.13333333333334,5.4518297236743924,26.856240126382293,54.72330911123533,7.75977011494253
2026-05,89,Brooklyn,Flatbush/Ditmas Park,3584,2536,0.7075892857142857,1.9666666666666663,6.495833333333334,12.166666666666668,10.849054147639404,35.39465408374889,66.49855274099662,7.559056256572028
2026-05,90,Manhattan,Flatiron,1036,275,0.26544401544401547,0.4541666666666675,4.25,9.033333333333333,2.2217920591904314,22.964509394572023,48.974724166107464,5.5148484848484856
2026-05,91,Brooklyn,Flatlands,2763,1812,0.6558089033659066,0.9625000000000001,4.9541666666666675,10.491666666666667,5.9410265744448445,33.52019604926286,65.09772782959968,6.212831125827815
2026-05,92,Queens,Flushing,560,242,0.43214285714285716,-0.6791666666666669,3.000000000000001,7.679166666666665,-4.851545473718747,20.81095769424865,50.19905092279739,4.321487603305785
2026-05,93,Queens,Flushing Meadows-Corona Park,63,2,0.031746031746031744,2.495833333333333,3.5249999999999995,4.554166666666665,24.670510708401977,34.84349258649094,45.01647446457989,3.5249999999999995
2026-05,94,Bronx,Fordham South,333,106,0.3183183183183183,0.895833333333333,4.208333333333332,9.912499999999998,5.700339415935745,26.749289730097445,56.236696900045686,5.463050314465409
2026-05,95,Queens,Forest Hills,925,414,0.44756756756756755,0.8895833333333338,4.916666666666668,9.597916666666666,5.872272020516758,32.30679971179143,57.11377247997739,6.39249194847021
2026-05,96,Queens,Forest Park/Highland Park,47,0,0.0,,,,,,,
2026-05,97,Brooklyn,Fort Greene,1882,1135,0.6030818278427205,1.1708333333333316,5.916666666666664,11.629166666666666,6.612381690852661,32.78171788810087,59.363994048795234,6.927099853157123
2026-05,98,Queens,Fresh Meadows,90,22,0.24444444444444444,-0.7291666666666674,1.5458333333333325,5.775,-6.322237067935431,13.45811965811965,35.450100721839846,3.799242424242424
2026-05,100,Manhattan,Garment District,1028,150,0.14591439688715954,-0.25833333333333286,4.4833333333333325,9.833333333333336,-1.0853783010594984,24.402211576124614,54.8292475957519,5.5986666666666665
2026-05,101,Queens,Glen Oaks,78,12,0.15384615384615385,0.5687500000000003,3.9750000000000005,8.99375,2.466102835069118,24.96665696687522,47.56983240223464,4.954861111111111
2026-05,102,Queens,Glendale,518,141,0.2722007722007722,0.08333333333333393,3.783333333333334,7.899999999999999,0.6684491978609673,24.59441920830629,53.92809587217042,5.008451536643026
2026-05,106,Brooklyn,Gowanus,551,171,0.3103448275862069,2.0500000000000007,5.349999999999998,11.700000000000003,12.797349324637405,32.126696832579185,62.63820386644425,7.6044346978557495
2026-05,107,Manhattan,Gramercy,1108,386,0.3483754512635379,-0.058333333333333126,3.599999999999998,8.883333333333333,-0.504831323279064,20.778844673129335,47.97391686925357,5.022927461139896
2026-05,108,Brooklyn,Gravesend,248,64,0.25806451612903225,1.2250000000000005,3.5041666666666673,6.895833333333332,14.183791767246856,35.467915713196035,65.74074074074072,4.66640625
2026-05,109,Staten Island,Great Kills,7,0,0.0,,,,,,,
2026-05,111,Brooklyn,Green-Wood Cemetery,7,0,0.0,,,,,,,
2026-05,112,Brooklyn,Greenpoint,1943,1221,0.6284096757591353,1.3249999999999957,6.050000000000001,11.81666666666667,7.43179680150518,33.3795975017349,59.79532163742689,7.230036855036855
2026-05,113,Manhattan,Greenwich Village North,822,256,0.31143552311435524,0.0958333333333341,4.300000000000001,11.50625,0.6714041272441473,26.552169692667952,53.823339074680646,6.183919270833333
2026-05,114,Manhattan,Greenwich Village South,1155,484,0.41904761904761906,0.6854166666666659,5.133333333333332,12.014583333333334,3.9182655801752113,27.7372754751583,56.333770379215345,6.765719696969698
2026-05,115,Staten Island,Grymes Hill/Clifton,43,14,0.32558139534883723,0.1708333333333334,2.054166666666667,7.6,0.996804534715318,16.969338426372314,73.24085934021231,3.88095238095238
2026-05,116,Manhattan,Hamilton Heights,836,284,0.3397129186602871,0.3666666666666676,4.1916666666666655,8.966666666666665,3.0160054988216864,24.893624616263303,51.98051672120002,5.506836854460094
2026-05,117,Queens,Hammels/Arverne,194,67,0.34536082474226804,-0.2666666666666675,4.033333333333333,7.616666666666666,-2.3381294964028867,48.62637362637365,74.13793103448275,4.050124378109453
2026-05,118,Staten Island,Heartland Village/Todt Hill,36,18,0.5,0.21666666666666679,6.408333333333331,10.320833333333333,4.07834274952919,31.806763018593372,69.28257948947603,5.822685185185184
2026-05,119,Bronx,Highbridge,692,242,0.34971098265895956,1.4708333333333337,4.337499999999999,10.204166666666666,11.71194624567605,31.74797816999653,63.68774640563619,5.820971074380165
2026-05,120,Manhattan,Highbridge Park,12,0,0.0,,,,,,,
2026-05,121,Queens,Hillcrest/Pomonok,320,80,0.25,-0.1520833333333338,4.020833333333332,9.560416666666665,-1.15202889083691,24.89914570479354,59.34239753268639,5.443229166666667
2026-05,122,Queens,Hollis,346,124,0.3583815028901734,2.23125,4.924999999999999,9.106250000000001,18.571423016502578,50.796950409176745,101.93171627657519,5.978696236559139
2026-05,123,Brooklyn,Homecrest,341,128,0.375366568914956,1.05625,4.704166666666667,10.312500000000002,10.582531676195376,38.06083344634129,64.89188752285511,6.139127604166667
2026-05,124,Queens,Howard Beach,292,73,0.25,-1.700000000000001,2.458333333333334,8.874999999999998,-12.895069532237683,23.163841807909613,61.58192090395482,4.006050228310503
2026-05,125,Manhattan,Hudson Sq,339,59,0.17404129793510326,0.05833333333333357,5.058333333333332,9.529166666666667,0.5120398560752841,25.045153521974715,55.268306219431814,5.773305084745762
2026-05,126,Bronx,Hunts Point,522,195,0.3735632183908046,1.4333333333333336,5.666666666666664,10.624999999999998,12.461783219201772,32.80370738166168,67.40795480258456,6.520726495726495
2026-05,127,Manhattan,Inwood,559,163,0.29159212880143115,-0.5583333333333336,3.866666666666667,9.104166666666664,-3.9419015043511436,25.768967874231038,62.46073938676209,5.545961145194274
2026-05,128,Manhattan,Inwood Hill Park,40,1,0.025,2.533333333333333,2.533333333333333,2.533333333333333,20.185922974767593,20.185922974767593,20.185922974767593,2.533333333333333
2026-05,129,Queens,Jackson Heights,1354,567,0.41875923190546527,0.18333333333333357,4.050000000000001,8.266666666666666,0.9948276593038552,26.388888888888882,54.61829994229141,4.817739564961787
2026-05,130,Queens,Jamaica,2041,1164,0.5703086722195002,0.604166666666667,4.8375,10.358333333333334,4.330318228713939,31.35751920126343,67.8345752802537,6.086605097365407
2026-05,131,Queens,Jamaica Estates,212,67,0.3160377358490566,1.2791666666666668,4.825000000000001,11.083333333333332,14.275605497462319,51.45228215767636,104.90137773813063,7.342537313432836
2026-05,132,Queens,JFK Airport,5458,3915,0.7172957127152804,-0.49166666666666714,5.291666666666666,12.8625,-2.1535042746136335,18.56162959883599,43.2547877686451,7.14818859088974
2026-05,133,Brooklyn,Kensington,420,77,0.18333333333333332,0.2833333333333332,3.3249999999999993,7.216666666666665,2.724358974358973,26.262626262626256,58.4097859327217,4.759523809523809
2026-05,134,Queens,Kew Gardens,297,75,0.25252525252525254,-0.1708333333333334,2.833333333333332,7.6416666666666675,-2.042074882807326,20.411663807890214,46.571763919827504,4.383111111111111
2026-05,135,Queens,Kew Gardens Hills,247,58,0.23481781376518218,-0.3645833333333335,3.0833333333333335,8.89166666666667,-2.632959290832546,24.671305459033437,51.03812879003075,4.445545977011494
2026-05,136,Bronx,Kingsbridge Heights,460,146,0.3173913043478261,0.054166666666666696,3.216666666666666,9.860416666666667,0.3474062011821346,23.918676499900343,60.72478815632562,5.2490867579908675
2026-05,137,Manhattan,Kips Bay,1493,373,0.24983255190890824,0.6583333333333332,4.116666666666667,9.108333333333334,3.0002608922514966,25.18518518518519,52.62626262626263,5.5842716711349425
2026-05,138,Queens,LaGuardia Airport,8033,6062,0.7546371218722768,-0.03333333333333144,5.783333333333331,13.839583333333334,-0.10541572275638178,20.578148007508823,45.968550392777715,7.83476162982514
2026-05,139,Queens,Laurelton,424,130,0.30660377358490565,0.24791666666666679,3.791666666666667,7.093750000000001,2.593674073699133,21.739261464623524,57.231156286155766,4.491666666666667
2026-05,140,Manhattan,Lenox Hill East,1643,587,0.357273280584297,-0.4791666666666652,3.3916666666666657,8.5125,-2.5816408853344486,21.35036496350366,49.786115445246764,4.588827370812038
2026-05,141,Manhattan,Lenox Hill West,1072,427,0.3983208955223881,-0.2999999999999998,3.3500000000000014,8.4,-2.2818966639191323,20.17633095964735,51.67833773389965,4.7471116315378605
2026-05,142,Manhattan,Lincoln Square East,1146,461,0.40226876090750435,-0.11666666666666714,3.8500000000000014,8.216666666666667,-1.102362204724414,23.089840470193106,49.22704414229838,4.860556760665221
2026-05,143,Manhattan,Lincoln Square West,778,279,0.35861182519280205,0.12916666666666687,3.6833333333333336,8.637500000000001,1.0073607053223552,25.06666666666666,53.42252608563517,5.050179211469534
2026-05,144,Manhattan,Little Italy/NoLiTa,1087,456,0.41950321987120515,0.9645833333333345,5.3666666666666645,11.295833333333333,5.8421690756941835,30.879331908463758,55.852931199654094,6.687079678362573
2026-05,145,Queens,Long Island City/Hunters Point,1816,904,0.4977973568281938,0.5125000000000006,4.591666666666669,10.058333333333334,3.024761668811798,26.61290322580645,51.81588458717903,5.936310840707965
2026-05,146,Queens,Long Island City/Queens Plaza,513,87,0.1695906432748538,-0.3250000000000002,2.9333333333333336,6.1625,-2.263308935942076,23.678160919540232,44.4059855954129,3.9524904214559387
2026-05,147,Bronx,Longwood,381,110,0.2887139107611549,0.18750000000000044,3.9958333333333345,8.289583333333333,1.3215830369424884,29.248222777270758,63.912107298953565,5.58189393939394
2026-05,148,Manhattan,Lower East Side,3510,2148,0.611965811965812,0.5916666666666677,5.583333333333335,11.583333333333332,3.2223453406348486,27.693484952857247,56.94141445413605,6.721628646803229
2026-05,149,Brooklyn,Madison,361,151,0.4182825484764543,-0.6333333333333329,2.966666666666667,8.741666666666667,-5.065851544495317,23.954372623574148,59.503999645951126,4.539735099337748
2026-05,150,Brooklyn,Manhattan Beach,160,30,0.1875,0.3250000000000002,2.9041666666666663,7.3895833333333325,4.016786570743403,25.35403296272861,73.40949820788532,4.1933333333333325
2026-05,151,Manhattan,Manhattan Valley,750,201,0.268,0.08333333333333215,3.8999999999999986,7.883333333333333,0.27886224205242216,26.508875739644964,56.638013371537724,4.702072968490878
2026-05,152,Manhattan,Manhattanville,469,84,0.1791044776119403,-0.37500000000000044,2.958333333333332,7.027083333333334,-2.975887026748583,20.568188069712164,50.655994054056016,3.979662698412698
2026-05,153,Manhattan,Marble Hill,92,9,0.09782608695652174,-1.1999999999999993,1.7750000000000004,4.9,-18.13602015113349,25.448028673835132,54.61956521739128,2.713888888888889
2026-05,154,Brooklyn,Marine Park/Floyd Bennett Field,17,0,0.0,,,,,,,
2026-05,155,Brooklyn,Marine Park/Mill Basin,910,527,0.5791208791208792,1.6999999999999997,6.133333333333333,10.720833333333335,10.817347616674969,33.088235294117645,66.72505106823034,6.710515496521189
2026-05,156,Staten Island,Mariners Harbor,52,34,0.6538461538461539,0.4208333333333325,4.029166666666668,9.527083333333334,3.9578319484191247,34.21352769244565,61.17611785164605,4.605147058823529
2026-05,157,Queens,Maspeth,888,332,0.3738738738738739,0.014583333333331616,3.404166666666665,8.575000000000003,0.022269794974200674,26.067827351824096,68.86661560345772,4.933584337349398
2026-05,158,Manhattan,Meatpacking/West Village West,564,192,0.3404255319148936,0.4979166666666659,5.383333333333334,10.108333333333334,2.903999713538864,28.779483379698767,54.00804440671671,6.110720486111112
2026-05,159,Bronx,Melrose South,827,388,0.46916565900846435,1.3854166666666656,6.029166666666668,11.160416666666665,9.480005978960818,36.18191163256778,62.1463376254698,7.411941580756013
2026-05,160,Queens,Middle Village,438,114,0.2602739726027397,-0.8416666666666661,3.1875,8.429166666666665,-6.005918307527841,19.03572459558144,53.42950833758136,4.504751461988303
2026-05,161,Manhattan,Midtown Center,669,245,0.3662182361733931,0.40000000000000213,5.083333333333332,10.7,2.07612456747406,25.150367565159293,46.99205448354142,6.015374149659864
2026-05,162,Manhattan,Midtown East,708,245,0.346045197740113,0.31666666666666643,4.116666666666667,9.366666666666667,1.1685116851168502,23.14685314685316,50.786838340486405,5.724353741496599
2026-05,163,Manhattan,Midtown North,606,204,0.33663366336633666,0.3083333333333318,4.220833333333331,9.95208333333333,1.4435312404361829,23.93521474481761,45.72699704948168,5.927696078431373
2026-05,164,Manhattan,Midtown South,1445,573,0.3965397923875433,0.2833333333333332,4.391666666666666,9.674999999999997,1.798410706817236,23.400936037441497,52.81421921286499,5.84998545666085
2026-05,165,Brooklyn,Midwood,566,260,0.45936395759717313,1.0020833333333325,5.270833333333332,10.666666666666668,7.845015011906003,34.19164462815154,68.84899819734626,6.357147435897436
2026-05,166,Manhattan,Morningside Heights,943,356,0.37751855779427357,0.3687499999999999,3.674999999999998,8.462500000000002,2.9877155798901294,22.321260077262377,46.07599535870419,5.068469101123595
2026-05,167,Bronx,Morrisania/Melrose,653,306,0.4686064318529862,0.5416666666666656,5.3166666666666655,9.612499999999997,4.526401587742073,31.39545197351318,58.72621487433222,5.716503267973856
2026-05,168,Bronx,Mott Haven/Port Morris,1372,721,0.5255102040816326,0.47499999999999964,5.15,10.066666666666666,4.122340425531921,32.41505968778698,61.156069364161866,6.34671752196024
2026-05,169,Bronx,Mount Hope,683,328,0.4802342606149341,0.4166666666666674,4.120833333333332,9.975000000000001,3.423981381076524,30.158534838149123,64.54610007561924,5.646290650406503
2026-05,170,Manhattan,Murray Hill,1031,396,0.38409311348205627,-0.018749999999999822,4.054166666666666,9.745833333333332,-0.12835139760410605,24.848388891087907,56.68331098081378,5.489372895622896
2026-05,171,Queens,Murray Hill-Queens,212,75,0.35377358490566035,0.04166666666666696,3.2166666666666677,7.762499999999999,0.5723364641516149,29.105571847507335,60.00611186026315,4.089333333333333
2026-05,172,Staten Island,New Dorp/Midland Beach,19,7,0.3684210526315789,4.533333333333333,7.850000000000001,10.01666666666667,34.47571588994947,49.67532467532467,84.17687008724195,8.063095238095238
2026-05,173,Queens,North Corona,566,158,0.2791519434628975,0.4229166666666666,3.1750000000000007,6.683333333333334,5.023549632804302,31.60957247163006,64.63789682539681,4.334757383966244
2026-05,174,Bronx,Norwood,563,297,0.5275310834813499,0.7916666666666679,5.166666666666667,10.608333333333334,5.033557046979865,28.27715355805244,57.75147928994081,6.540684624017957
2026-05,175,Queens,Oakland Gardens,61,8,0.13114754098360656,0.10833333333333472,3.404166666666667,4.3916666666666675,3.019292737337863,26.810494181854807,46.962810808479446,2.776041666666667
2026-05,176,Staten Island,Oakwood,6,1,0.16666666666666666,14.575000000000003,14.575000000000003,14.575000000000003,71.53374233128835,71.53374233128835,71.53374233128835,14.575000000000003
2026-05,177,Brooklyn,Ocean Hill,2705,1507,0.5571164510166359,0.8958333333333339,4.983333333333334,9.808333333333334,6.282802148178872,33.42939481268012,69.1842146985486,5.875658040256579
2026-05,178,Brooklyn,Ocean Parkway South,151,34,0.2251655629139073,0.30416666666666625,3.758333333333333,13.741666666666667,2.6740092475625916,35.010060362173036,126.23376623376622,7.55
2026-05,179,Queens,Old Astoria,492,119,0.241869918699187,-0.8208333333333337,2.7166666666666686,7.929166666666666,-6.962116630498803,17.28880157170924,54.649174959308375,4.45343137254902
2026-05,180,Queens,Ozone Park,368,101,0.27445652173913043,0.44166666666666643,3.5666666666666664,6.283333333333333,2.6073619631901828,29.839080459770123,56.75482487491064,4.009240924092411
2026-05,181,Brooklyn,Park Slope,1791,1217,0.6795086543830262,1.8333333333333321,6.558333333333334,11.983333333333334,9.202453987730062,33.6759667156143,58.48903330625508,7.3645234182415775
2026-05,182,Bronx,Parkchester,484,160,0.3305785123966942,0.9624999999999981,4.841666666666666,10.145833333333332,4.231333368639927,32.08705089140199,55.491478655425254,6.325572916666667
2026-05,183,Bronx,Pelham Bay,183,23,0.12568306010928962,0.07499999999999973,3.9333333333333336,8.625,1.0530934308417146,22.45480494766889,60.45051220367647,5.266304347826087
2026-05,184,Bronx,Pelham Bay Park,19,0,0.0,,,,,,,
2026-05,185,Bronx,Pelham Parkway,357,136,0.38095238095238093,-0.06249999999999911,4.3583333333333325,9.850000000000001,-0.4428557702914683,25.969564688346054,57.390671810181146,5.973161764705883
2026-05,186,Manhattan,Penn Station/Madison Sq West,973,244,0.25077081192189105,0.42500000000000027,4.145833333333334,9.091666666666669,2.9751485793372963,23.881675182847413,53.35303512572338,5.715710382513661
2026-05,187,Staten Island,Port Richmond,26,16,0.6153846153846154,1.5312500000000004,4.695833333333333,8.268749999999999,16.298488824254687,36.07109768132548,69.56521739130434,4.230729166666666
2026-05,188,Brooklyn,Prospect-Lefferts Gardens,4003,2787,0.6962278291281538,0.9250000000000007,5.216666666666665,10.520833333333334,5.726559841935468,30.85745494265428,59.34389254448536,6.229948570745127
2026-05,189,Brooklyn,Prospect Heights,972,483,0.49691358024691357,1.3666666666666671,5.016666666666669,9.712500000000002,8.025141963422424,30.829550144449037,57.56511072656781,6.060420979986198
2026-05,190,Brooklyn,Prospect Park,163,16,0.09815950920245399,-1.087499999999999,0.25833333333333286,4.9645833333333345,-7.945461128299651,3.038101912472563,42.97991797073309,2.5671875
2026-05,191,Queens,Queens Village,483,260,0.5383022774327122,1.2916666666666672,5.841666666666669,10.758333333333336,12.604793545371422,40.56824805421901,70.92269386387034,6.657435897435898
2026-05,192,Queens,Queensboro Hill,181,51,0.281767955801105,0.24166666666666714,3.4499999999999993,8.700000000000003,1.6661205255438027,24.960998439937594,76.94990650694581,4.991013071895425
2026-05,193,Queens,Queensbridge/Ravenswood,368,44,0.11956521739130435,0.02708333333333446,1.7583333333333329,6.039583333333333,0.14095860210794459,15.03297854397287,57.38993570777068,3.696780303030303
2026-05,194,Manhattan,Randalls Island,17,0,0.0,,,,,,,
2026-05,195,Brooklyn,Red Hook,391,95,0.24296675191815856,1.208333333333334,4.016666666666666,10.370833333333334,7.318179046249311,22.843822843822856,53.454495005549376,6.562105263157895
2026-05,196,Queens,Rego Park,368,106,0.28804347826086957,-1.6541666666666663,2.1166666666666676,6.6187499999999995,-8.135941463011463,14.776358444846894,49.516671815909994,3.174606918238993
2026-05,197,Queens,Richmond Hill,665,273,0.4105263157894737,0.05000000000000071,4.6,8.833333333333332,0.30612244897959623,32.681564245810065,63.03630363036302,5.054334554334555
2026-05,198,Queens,Ridgewood,2025,1093,0.5397530864197531,1.3999999999999986,5.041666666666666,9.825,10.274579273693536,32.00962695547535,57.97807551766139,6.002409271119244
2026-05,200,Bronx,Riverdale/North Riverdale/Fieldston,256,37,0.14453125,0.9666666666666668,5.166666666666666,10.141666666666666,11.467889908256875,28.934010152284262,56.55976676384838,6.409909909909909
2026-05,201,Queens,Rockaway Park,34,12,0.35294117647058826,-1.2645833333333334,4.308333333333334,8.479166666666666,-13.062534488152188,21.104907063504882,77.8485748104238,3.890972222222222
2026-05,202,Manhattan,Roosevelt Island,113,5,0.04424778761061947,1.9666666666666668,2.0166666666666657,2.8166666666666664,15.070242656449553,19.803600654664475,19.929245283018865,2.7499999999999996
2026-05,203,Queens,Rosedale,383,141,0.3681462140992167,0.6166666666666671,4.441666666666666,7.966666666666666,6.479546133174069,32.26837060702876,55.34090909090911,4.897695035460993
2026-05,205,Queens,Saint Albans,1120,486,0.43392857142857144,0.5937500000000004,3.9333333333333327,8.10625,4.389540463274441,28.463675596674342,60.24916951672496,5.032493141289438
2026-05,206,Staten Island,Saint George/New Brighton,86,45,0.5232558139534884,1.2999999999999998,3.8083333333333336,7.133333333333333,13.59223300970873,33.378016085790875,66.27634660421548,4.506666666666667
2026-05,207,Queens,Saint Michaels Cemetery/Woodside,6,0,0.0,,,,,,,
2026-05,208,Bronx,Schuylerville/Edgewater Park,466,208,0.44635193133047213,2.6416666666666666,6.4125,13.868749999999999,15.977012930747184,43.51675247086121,64.00372845139002,8.560336538461538
2026-05,209,Manhattan,Seaport,339,39,0.11504424778761062,-1.0458333333333347,2.883333333333333,8.420833333333336,-8.183265821298573,17.338709677419335,50.24018912529551,4.169017094017093
2026-05,210,Brooklyn,Sheepshead Bay,580,253,0.4362068965517241,-0.033333333333333215,4.283333333333335,9.866666666666669,-0.42052144659377033,32.81510272071072,65.80459770114945,5.711857707509881
2026-05,211,Manhattan,SoHo,552,192,0.34782608695652173,1.7500000000000018,6.683333333333334,11.695833333333336,9.140445950751273,33.214937347393274,64.83517181422499,7.885243055555556
2026-05,212,Bronx,Soundview/Bruckner,539,177,0.32838589981447125,0.3416666666666668,4.233333333333331,9.108333333333334,2.268041237113405,31.147540983606575,63.8938053097345,5.389312617702449
2026-05,213,Bronx,Soundview/Castle Hill,887,462,0.5208568207440811,1.4291666666666676,6.6,12.07083333333333,7.524550685208068,37.28608112289231,63.36988617498301,7.6619227994228
2026-05,214,Staten Island,South Beach/Dongan Hills,32,13,0.40625,-0.875,4.666666666666668,5.600000000000001,-13.83399209486166,34.43656422379828,49.17463075586447,3.606410256410257
2026-05,215,Queens,South Jamaica,797,289,0.36260978670012545,0.5666666666666664,3.4000000000000004,7.466666666666667,4.122722914669234,30.755711775043952,56.75675675675675,4.72419261822376
2026-05,216,Queens,South Ozone Park,1305,588,0.45057471264367815,-0.15416666666666545,3.8999999999999995,9.643749999999999,-1.177295188885019,28.269841691222666,64.28605245715366,4.981873582766439
2026-05,217,Brooklyn,South Williamsburg,297,22,0.07407407407407407,-0.791666666666667,1.3666666666666663,7.050000000000001,-5.39109152038915,11.546221450304925,36.11595042279626,4.00340909090909
2026-05,218,Queens,Springfield Gardens North,526,189,0.3593155893536122,-0.4833333333333325,4.166666666666664,8.416666666666666,-3.458646616541365,25.925925925925924,60.99128040385497,4.425308641975308
2026-05,219,Queens,Springfield Gardens South,400,146,0.365,0.27499999999999947,3.766666666666666,8.708333333333332,1.9470743702117657,29.016616886312555,55.106194770892124,4.722659817351598
2026-05,220,Bronx,Spuyten Duyvil/Kingsbridge,389,130,0.3341902313624679,0.7999999999999985,5.699999999999999,11.39791666666667,5.2980768627549395,35.85062167097662,70.09758364312268,6.799423076923078
2026-05,221,Staten Island,Stapleton,71,24,0.3380281690140845,0.6437499999999994,4.6208333333333345,8.260416666666666,3.915938092154177,33.89236951858365,80.04283373063171,5.1000000000000005
2026-05,222,Brooklyn,Starrett City,581,183,0.31497418244406195,0.5041666666666673,3.9333333333333336,8.558333333333334,3.343773338191557,30.92324805339267,64.33129925497605,4.608151183970856
2026-05,223,Queens,Steinway,614,179,0.2915309446254072,0.9583333333333339,4.4,8.199999999999998,9.343380252957974,29.439809296781903,51.76992769944592,5.411033519553073
2026-05,224,Manhattan,Stuy Town/Peter Cooper Village,382,79,0.20680628272251309,0.008333333333331971,3.099999999999998,7.5625,0.14745983452109934,21.461187214611872,48.028122667479956,4.7133966244725745
2026-05,225,Brooklyn,Stuyvesant Heights,3728,2240,0.6008583690987125,0.8729166666666668,4.795833333333333,9.868749999999999,5.573053147886846,28.937841412224714,58.11634556815368,5.832615327380953
2026-05,226,Queens,Sunnyside,1419,574,0.4045102184637068,0.29583333333333384,4.079166666666667,9.683333333333334,2.301004500914253,24.82009321284599,56.948768480224,5.340998838559814
2026-05,227,Brooklyn,Sunset Park East,498,128,0.2570281124497992,-0.381249999999999,3.854166666666668,8.025,-3.08626962663191,28.982205864522914,67.99798743672623,4.999869791666667
2026-05,228,Brooklyn,Sunset Park West,1205,453,0.3759336099585062,1.708333333333333,6.5,11.966666666666661,12.638036809815953,38.09523809523809,64.18190342240976,7.6154157468727
2026-05,229,Manhattan,Sutton Place/Turtle Bay North,746,238,0.3190348525469169,-0.787500000000001,2.3249999999999997,6.922916666666667,-5.204552329098599,17.058689504509942,44.16888745097451,3.717997198879552
2026-05,230,Manhattan,Times Sq/Theatre District,1319,565,0.42835481425322214,0.5,5.316666666666666,11.600000000000001,2.4742268041237025,25.905511811023608,49.75288303130148,6.569882005899705
2026-05,231,Manhattan,TriBeCa/Civic Center,1042,460,0.44145873320537427,0.9625000000000012,5.766666666666667,12.747916666666667,4.902076778506627,29.644426075502896,58.11890825612318,7.292934782608696
2026-05,232,Manhattan,Two Bridges/Seward Park,1509,457,0.3028495692511597,0.3249999999999993,4.1,10.11666666666667,2.0874751491053765,26.526082130965587,57.99929052855622,6.131801604668126
2026-05,233,Manhattan,UN/Turtle Bay South,556,170,0.3057553956834532,-0.24791666666666679,3.1208333333333327,8.825,-2.173764760375889,21.74704924704924,53.037552423344216,4.706470588235295
2026-05,234,Manhattan,Union Sq,1239,509,0.41081517352703795,0.16666666666666607,5.266666666666666,10.900000000000002,1.0559662090813056,24.989059080962797,51.56335710367526,6.378077930582842
2026-05,235,Bronx,University Heights/Morris Heights,688,313,0.45494186046511625,1.299999999999999,5.175000000000001,10.166666666666666,10.52150045745655,36.941472624292,58.81341358555461,6.370154419595314
2026-05,236,Manhattan,Upper East Side North,957,437,0.4566353187042842,0.11666666666666714,3.633333333333333,8.25,0.8333333333333367,23.71838687628162,53.33333333333334,4.792848970251716
2026-05,237,Manhattan,Upper East Side South,958,398,0.4154488517745303,0.5750000000000002,4.4833333333333325,9.816666666666666,4.060649735813004,25.433998195850457,54.15095239698734,5.787814070351759
2026-05,238,Manhattan,Upper West Side North,1237,551,0.44543249797898143,0.5625,4.0,8.774999999999999,4.721092478070583,31.288343558282204,56.320345331628,5.135919540229884
2026-05,239,Manhattan,Upper West Side South,979,460,0.4698672114402451,-0.16666666666666652,2.908333333333333,7.920833333333334,-1.4341778585811271,19.487820475553747,47.54428666413374,4.625652173913043
2026-05,240,Bronx,Van Cortlandt Park,96,11,0.11458333333333333,4.7875,5.625000000000001,8.966666666666667,59.37116957590406,68.13819577735124,84.83138381558246,6.9
2026-05,241,Bronx,Van Cortlandt Village,502,217,0.43227091633466136,1.8666666666666671,7.041666666666666,12.766666666666666,12.58278145695365,40.723774622079716,70.9281961471103,7.94715821812596
2026-05,242,Bronx,Van Nest/Morris Park,519,258,0.49710982658959535,0.8145833333333339,6.125000000000001,12.4375,6.469454929277524,34.06033118649715,64.02996374261367,7.27548449612403
2026-05,243,Manhattan,Washington Heights North,737,280,0.37991858887381275,0.6250000000000009,5.7125,11.393749999999999,4.406904668741113,30.477436458744876,60.32683542322815,6.733779761904763
2026-05,244,Manhattan,Washington Heights South,1098,505,0.4599271402550091,1.1499999999999986,5.983333333333334,11.441666666666668,6.314243759177682,34.27017225747961,63.39794754846065,7.103745874587458
2026-05,245,Staten Island,West Brighton,33,8,0.24242424242424243,0.65625,2.7250000000000005,6.135416666666666,6.901840490797547,26.979628733775563,54.07291319665263,3.478125
2026-05,246,Manhattan,West Chelsea/Hudson Yards,1150,465,0.4043478260869565,0.0833333333333357,4.916666666666668,10.633333333333333,0.7915567282321871,27.693965517241377,56.05326876513317,6.08353046594982
2026-05,247,Bronx,West Concourse,624,288,0.46153846153846156,1.6291666666666664,5.2458333333333345,11.485416666666666,12.870565772284191,35.344745743402505,72.41070046836599,6.470630787037036
2026-05,248,Bronx,West Farms/Bronx River,467,153,0.32762312633832974,-0.31666666666666643,3.6916666666666664,8.541666666666668,-1.652173913043477,22.907133243606996,55.34804753820035,5.233660130718954
2026-05,249,Manhattan,West Village,1543,779,0.5048606610499028,1.216666666666665,5.641666666666667,11.558333333333332,6.490560755061943,27.622377622377634,53.48830286718936,6.959403080872914
2026-05,250,Bronx,Westchester Village/Unionport,398,159,0.39949748743718594,0.00833333333333286,4.550000000000001,9.0,0.1131895627308458,33.627204030226714,57.48850482946011,5.382756813417191
2026-05,251,Staten Island,Westerleigh,31,18,0.5806451612903226,1.9916666666666667,4.283333333333333,12.854166666666666,20.1829964425145,28.322872826833162,135.3962387153837,6.45925925925926
2026-05,252,Queens,Whitestone,117,18,0.15384615384615385,1.1312499999999996,3.041666666666668,7.429166666666667,10.03803365104661,31.497239672568053,61.04472385454625,4.699537037037036
2026-05,253,Queens,Willets Point,1,0,0.0,,,,,,,
2026-05,254,Bronx,Williamsbridge/Olinville,989,523,0.5288169868554095,1.5250000000000004,5.491666666666664,10.458333333333332,8.431053507639938,30.64820641913153,58.366998924054485,6.447386870618229
2026-05,255,Brooklyn,Williamsburg (North Side),2277,1569,0.689064558629776,1.2250000000000014,5.966666666666665,10.608333333333333,6.401384083044988,29.883570504527825,53.721973094170416,6.619343530911409
2026-05,256,Brooklyn,Williamsburg (South Side),2066,1152,0.5575992255566312,0.8791666666666664,5.045833333333332,10.297916666666667,5.402675855961797,28.484277772292685,56.57544066987078,6.119205729166667
2026-05,257,Brooklyn,Windsor Terrace,238,48,0.20168067226890757,-0.6812499999999997,4.912500000000001,10.514583333333334,-6.896535836896313,43.66234784556792,86.5264982773596,7.089930555555557
2026-05,258,Queens,Woodhaven,852,310,0.36384976525821594,0.5125000000000013,4.508333333333335,9.379166666666665,2.391393957304521,29.592927242644954,59.057685050297636,5.688145161290323
2026-05,259,Bronx,Woodlawn/Wakefield,573,240,0.418848167539267,1.395833333333333,5.070833333333333,10.745833333333332,9.334334735563676,35.1175829485062,68.85679688282087,7.286284722222223
2026-05,260,Queens,Woodside,838,298,0.3556085918854415,0.04374999999999929,4.45,8.743750000000002,0.3769109758970947,34.764421299149504,63.71068948079034,5.261968680089486
2026-05,261,Manhattan,World Trade Center,301,69,0.2292358803986711,0.3249999999999993,5.283333333333331,10.041666666666668,1.1144883485309032,27.455919395465987,58.82081989866423,5.870410628019324
2026-05,262,Manhattan,Yorkville East,717,255,0.35564853556485354,-0.14583333333333348,2.5500000000000007,7.429166666666666,-1.291731561369886,18.227305218012866,51.02782208045366,4.109640522875818
2026-05,263,Manhattan,Yorkville West,1192,493,0.41359060402684567,0.08333333333333393,3.716666666666665,8.333333333333332,0.603015075376893,25.914634146341466,58.25105782792665,5.133265720081136
2026-05,265,N/A,Outside of NYC,4,0,0.0,,,,,,,
